INFO 2025-09-12 11:51:35,108 serializers 13620 137036568721088 Product 1 fetched successfully from service
WARNING 2025-09-12 11:51:35,124 serializers 13620 137036568721088 Product 14 not found (404)
ERROR 2025-09-12 11:51:35,125 serializers 13620 137036568721088 No product data available for product 14, using minimal fallback
WARNING 2025-09-12 11:51:35,143 serializers 13620 137036568721088 Product 142 not found (404)
ERROR 2025-09-12 11:51:35,143 serializers 13620 137036568721088 No product data available for product 142, using minimal fallback
INFO 2025-09-12 11:51:35,155 serializers 13620 137036568721088 Product 2 fetched successfully from service
INFO 2025-09-12 11:52:38,981 serializers 13620 137036568721088 Product 3 fetched successfully from service
INFO 2025-09-12 12:09:32,698 serializers 14010 133919477331648 Product 2 fetched successfully from service
INFO 2025-09-12 12:09:32,707 serializers 14010 133919477331648 Product 1 fetched successfully from service
INFO 2025-09-12 12:09:32,715 serializers 14010 133919477331648 Product 3 fetched successfully from service
INFO 2025-09-12 13:42:28,802 serializers 9542 129313664923328 Product 2 fetched successfully from service
INFO 2025-09-12 13:42:28,900 serializers 9542 129313664923328 Product 3 fetched successfully from service
INFO 2025-09-16 11:30:41,484 serializers 12874 139094753519296 Product 1 fetched successfully from service
INFO 2025-09-16 11:32:22,627 serializers 12874 139094753519296 Product 2 fetched successfully from service
INFO 2025-09-16 16:23:45,858 serializers 13341 135382886758080 Product 1 fetched successfully from service
INFO 2025-09-16 16:23:45,896 serializers 13341 135382886758080 Product 2 fetched successfully from service
INFO 2025-09-16 16:34:51,058 serializers 30086 133994783958720 Product 1 fetched successfully from service
INFO 2025-09-16 16:34:51,101 serializers 30086 133994783958720 Product 2 fetched successfully from service
INFO 2025-09-16 16:44:21,981 serializers 30086 133994783958720 Product 1 fetched successfully from service
INFO 2025-09-16 16:44:21,991 serializers 30086 133994783958720 Product 2 fetched successfully from service
INFO 2025-09-16 16:51:47,214 serializers 30086 133995012552384 Product 1 fetched successfully from service
INFO 2025-09-16 16:51:47,230 serializers 30086 133995012552384 Product 2 fetched successfully from service
INFO 2025-09-16 17:00:52,756 serializers 30086 133995012552384 Product 1 fetched successfully from service
INFO 2025-09-16 17:00:52,805 serializers 30086 133995012552384 Product 2 fetched successfully from service
INFO 2025-09-16 17:06:30,435 serializers 30086 133995012552384 Product 1 fetched successfully from service
INFO 2025-09-16 17:06:30,458 serializers 30086 133995012552384 Product 2 fetched successfully from service
INFO 2025-09-16 17:17:49,195 serializers 30086 133995012552384 Product 1 fetched successfully from service
INFO 2025-09-16 17:17:49,235 serializers 30086 133995012552384 Product 2 fetched successfully from service
INFO 2025-09-17 12:05:56,566 serializers 7769 131738806253248 Product 1 fetched successfully from service
INFO 2025-09-17 12:05:56,597 serializers 7769 131738806253248 Product 2 fetched successfully from service
INFO 2025-09-17 12:13:03,135 serializers 7769 131738806253248 Product 1 fetched successfully from service
INFO 2025-09-17 12:13:03,146 serializers 7769 131738806253248 Product 2 fetched successfully from service
INFO 2025-09-17 12:19:25,008 serializers 7769 131738806253248 Product 1 fetched successfully from service
INFO 2025-09-17 12:19:25,015 serializers 7769 131738806253248 Product 2 fetched successfully from service
INFO 2025-09-17 12:24:45,874 serializers 7769 131738806253248 Product 1 fetched successfully from service
INFO 2025-09-17 12:24:45,890 serializers 7769 131738806253248 Product 2 fetched successfully from service
INFO 2025-09-17 12:43:26,484 serializers 7769 131738806253248 Product 1 fetched successfully from service
INFO 2025-09-17 12:43:26,499 serializers 7769 131738806253248 Product 2 fetched successfully from service
INFO 2025-09-17 12:50:33,604 serializers 7769 131738806253248 Product 1 fetched successfully from service
INFO 2025-09-17 12:50:33,625 serializers 7769 131738806253248 Product 2 fetched successfully from service
INFO 2025-09-17 12:58:05,414 serializers 7769 131738806253248 Product 1 fetched successfully from service
INFO 2025-09-17 12:58:05,431 serializers 7769 131738806253248 Product 2 fetched successfully from service
INFO 2025-09-17 13:55:13,274 serializers 7769 131738806253248 Product 1 fetched successfully from service
INFO 2025-09-17 13:55:13,298 serializers 7769 131738806253248 Product 2 fetched successfully from service
INFO 2025-09-17 14:01:38,114 serializers 7769 131738806253248 Product 1 fetched successfully from service
INFO 2025-09-17 14:01:38,120 serializers 7769 131738806253248 Product 2 fetched successfully from service
INFO 2025-09-17 14:11:47,796 serializers 7769 131738806253248 Product 1 fetched successfully from service
INFO 2025-09-17 14:11:47,802 serializers 7769 131738806253248 Product 2 fetched successfully from service
INFO 2025-09-17 14:51:56,298 serializers 7769 131738806253248 Product 1 fetched successfully from service
INFO 2025-09-17 14:51:56,318 serializers 7769 131738806253248 Product 2 fetched successfully from service
INFO 2025-09-17 15:46:02,096 serializers 7769 131738806253248 Product 1 fetched successfully from service
INFO 2025-09-17 15:46:02,154 serializers 7769 131738806253248 Product 2 fetched successfully from service
INFO 2025-09-17 15:52:36,579 serializers 7769 131738806253248 Product 1 fetched successfully from service
INFO 2025-09-17 15:52:36,585 serializers 7769 131738806253248 Product 2 fetched successfully from service
INFO 2025-09-17 16:18:04,826 serializers 7769 131738806253248 Product 1 fetched successfully from service
INFO 2025-09-17 16:18:04,903 serializers 7769 131738806253248 Product 2 fetched successfully from service
INFO 2025-09-17 16:40:05,797 serializers 7769 131738806253248 Product 1 fetched successfully from service
INFO 2025-09-17 16:40:06,134 serializers 7769 131738806253248 Product 2 fetched successfully from service
INFO 2025-09-17 17:00:38,873 serializers 7769 131738806253248 Product 1 fetched successfully from service
INFO 2025-09-17 17:00:38,915 serializers 7769 131738806253248 Product 2 fetched successfully from service
INFO 2025-09-18 10:28:03,005 serializers 7384 130538025252544 Product 1 fetched successfully from service
INFO 2025-09-18 10:28:03,029 serializers 7384 130538025252544 Product 2 fetched successfully from service
WARNING 2025-09-20 17:02:02,573 serializers 13963 131860807022272 Connection error for product 1: HTTPConnectionPool(host='localhost', port=8001): Max retries exceeded with url: /products/1/ (Caused by NewConnectionError('<urllib3.connection.HTTPConnection object at 0x77ed3ca9dd30>: Failed to establish a new connection: [Errno 111] Connection refused'))
WARNING 2025-09-20 17:02:02,591 serializers 13963 131860807022272 Connection error for product 1: HTTPConnectionPool(host='localhost', port=8001): Max retries exceeded with url: /products/1/ (Caused by NewConnectionError('<urllib3.connection.HTTPConnection object at 0x77ed3ca9c8c0>: Failed to establish a new connection: [Errno 111] Connection refused'))
WARNING 2025-09-20 17:02:02,592 serializers 13963 131860807022272 Connection error for product 1: HTTPConnectionPool(host='localhost', port=8001): Max retries exceeded with url: /products/1/ (Caused by NewConnectionError('<urllib3.connection.HTTPConnection object at 0x77ed3ca9c620>: Failed to establish a new connection: [Errno 111] Connection refused'))
ERROR 2025-09-20 17:02:02,592 serializers 13963 131860807022272 No product data available for product 1, using minimal fallback
WARNING 2025-09-20 17:02:02,596 serializers 13963 131860807022272 Connection error for product 2: HTTPConnectionPool(host='localhost', port=8001): Max retries exceeded with url: /products/2/ (Caused by NewConnectionError('<urllib3.connection.HTTPConnection object at 0x77ed3ca9ec90>: Failed to establish a new connection: [Errno 111] Connection refused'))
WARNING 2025-09-20 17:02:02,599 serializers 13963 131860807022272 Connection error for product 2: HTTPConnectionPool(host='localhost', port=8001): Max retries exceeded with url: /products/2/ (Caused by NewConnectionError('<urllib3.connection.HTTPConnection object at 0x77ed3ca9e1b0>: Failed to establish a new connection: [Errno 111] Connection refused'))
WARNING 2025-09-20 17:02:02,601 serializers 13963 131860807022272 Connection error for product 2: HTTPConnectionPool(host='localhost', port=8001): Max retries exceeded with url: /products/2/ (Caused by NewConnectionError('<urllib3.connection.HTTPConnection object at 0x77ed3c9202c0>: Failed to establish a new connection: [Errno 111] Connection refused'))
ERROR 2025-09-20 17:02:02,601 serializers 13963 131860807022272 No product data available for product 2, using minimal fallback
INFO 2025-09-23 17:06:39,284 serializers 10847 126520372754112 Product 1 fetched successfully from service
INFO 2025-09-23 17:06:39,313 serializers 10847 126520372754112 Product 2 fetched successfully from service
INFO 2025-09-23 17:12:46,436 serializers 10847 126520372754112 Product 1 fetched successfully from service
INFO 2025-09-23 17:12:46,444 serializers 10847 126520372754112 Product 2 fetched successfully from service
INFO 2025-09-24 12:56:50,008 serializers 7322 130212981360320 Product 1 fetched successfully from service
INFO 2025-09-24 12:56:50,030 serializers 7322 130212981360320 Product 2 fetched successfully from service
INFO 2025-09-24 13:08:04,376 serializers 7322 130212981360320 Product 1 fetched successfully from service
INFO 2025-09-24 13:08:04,394 serializers 7322 130212981360320 Product 2 fetched successfully from service
INFO 2025-09-24 13:13:54,369 serializers 7322 130212981360320 Product 1 fetched successfully from service
INFO 2025-09-24 13:13:54,384 serializers 7322 130212981360320 Product 2 fetched successfully from service
INFO 2025-09-24 13:35:23,943 serializers 7322 130212981360320 Product 1 fetched successfully from service
INFO 2025-09-24 13:35:23,967 serializers 7322 130212981360320 Product 2 fetched successfully from service
INFO 2025-09-24 13:50:35,336 serializers 7322 130212981360320 Product 1 fetched successfully from service
INFO 2025-09-24 13:50:35,374 serializers 7322 130212981360320 Product 2 fetched successfully from service
INFO 2025-09-24 15:07:52,097 serializers 7322 130212981360320 Product 1 fetched successfully from service
INFO 2025-09-24 15:07:52,187 serializers 7322 130212981360320 Product 2 fetched successfully from service
INFO 2025-09-24 15:25:29,324 serializers 7322 130212981360320 Product 1 fetched successfully from service
INFO 2025-09-24 15:25:29,394 serializers 7322 130212981360320 Product 2 fetched successfully from service
WARNING 2025-09-24 16:13:45,650 serializers 7322 130212972967616 Connection error for product 1: HTTPConnectionPool(host='localhost', port=8001): Max retries exceeded with url: /products/1/ (Caused by NewConnectionError('<urllib3.connection.HTTPConnection object at 0x766d986da8a0>: Failed to establish a new connection: [Errno 111] Connection refused'))
WARNING 2025-09-24 16:13:45,672 serializers 7322 130212972967616 Connection error for product 1: HTTPConnectionPool(host='localhost', port=8001): Max retries exceeded with url: /products/1/ (Caused by NewConnectionError('<urllib3.connection.HTTPConnection object at 0x766d986d9040>: Failed to establish a new connection: [Errno 111] Connection refused'))
WARNING 2025-09-24 16:13:45,695 serializers 7322 130212972967616 Connection error for product 1: HTTPConnectionPool(host='localhost', port=8001): Max retries exceeded with url: /products/1/ (Caused by NewConnectionError('<urllib3.connection.HTTPConnection object at 0x766d98615520>: Failed to establish a new connection: [Errno 111] Connection refused'))
WARNING 2025-09-24 16:13:45,697 serializers 7322 130212972967616 Using fallback cache for product 1 due to service failure
WARNING 2025-09-24 16:13:45,700 serializers 7322 130212972967616 Connection error for product 2: HTTPConnectionPool(host='localhost', port=8001): Max retries exceeded with url: /products/2/ (Caused by NewConnectionError('<urllib3.connection.HTTPConnection object at 0x766d986da270>: Failed to establish a new connection: [Errno 111] Connection refused'))
WARNING 2025-09-24 16:13:45,702 serializers 7322 130212972967616 Connection error for product 2: HTTPConnectionPool(host='localhost', port=8001): Max retries exceeded with url: /products/2/ (Caused by NewConnectionError('<urllib3.connection.HTTPConnection object at 0x766d986d9280>: Failed to establish a new connection: [Errno 111] Connection refused'))
WARNING 2025-09-24 16:13:45,704 serializers 7322 130212972967616 Connection error for product 2: HTTPConnectionPool(host='localhost', port=8001): Max retries exceeded with url: /products/2/ (Caused by NewConnectionError('<urllib3.connection.HTTPConnection object at 0x766d986d82f0>: Failed to establish a new connection: [Errno 111] Connection refused'))
WARNING 2025-09-24 16:13:45,705 serializers 7322 130212972967616 Using fallback cache for product 2 due to service failure
WARNING 2025-09-24 16:15:00,503 serializers 7322 130212972967616 Connection error for product 1: HTTPConnectionPool(host='localhost', port=8001): Max retries exceeded with url: /products/1/ (Caused by NewConnectionError('<urllib3.connection.HTTPConnection object at 0x766d98f37260>: Failed to establish a new connection: [Errno 111] Connection refused'))
WARNING 2025-09-24 16:15:00,505 serializers 7322 130212972967616 Connection error for product 1: HTTPConnectionPool(host='localhost', port=8001): Max retries exceeded with url: /products/1/ (Caused by NewConnectionError('<urllib3.connection.HTTPConnection object at 0x766d990b36b0>: Failed to establish a new connection: [Errno 111] Connection refused'))
WARNING 2025-09-24 16:15:00,599 serializers 7322 130212972967616 Connection error for product 1: HTTPConnectionPool(host='localhost', port=8001): Max retries exceeded with url: /products/1/ (Caused by NewConnectionError('<urllib3.connection.HTTPConnection object at 0x766d98614830>: Failed to establish a new connection: [Errno 111] Connection refused'))
WARNING 2025-09-24 16:15:00,600 serializers 7322 130212972967616 Using fallback cache for product 1 due to service failure
WARNING 2025-09-24 16:15:00,604 serializers 7322 130212972967616 Connection error for product 2: HTTPConnectionPool(host='localhost', port=8001): Max retries exceeded with url: /products/2/ (Caused by NewConnectionError('<urllib3.connection.HTTPConnection object at 0x766d986d8230>: Failed to establish a new connection: [Errno 111] Connection refused'))
WARNING 2025-09-24 16:15:00,608 serializers 7322 130212972967616 Connection error for product 2: HTTPConnectionPool(host='localhost', port=8001): Max retries exceeded with url: /products/2/ (Caused by NewConnectionError('<urllib3.connection.HTTPConnection object at 0x766d986d8f20>: Failed to establish a new connection: [Errno 111] Connection refused'))
WARNING 2025-09-24 16:15:00,612 serializers 7322 130212972967616 Connection error for product 2: HTTPConnectionPool(host='localhost', port=8001): Max retries exceeded with url: /products/2/ (Caused by NewConnectionError('<urllib3.connection.HTTPConnection object at 0x766d98f37290>: Failed to establish a new connection: [Errno 111] Connection refused'))
WARNING 2025-09-24 16:15:00,612 serializers 7322 130212972967616 Using fallback cache for product 2 due to service failure
WARNING 2025-09-24 16:17:54,897 serializers 7322 130212972967616 Connection error for product 1: HTTPConnectionPool(host='localhost', port=8001): Max retries exceeded with url: /products/1/ (Caused by NewConnectionError('<urllib3.connection.HTTPConnection object at 0x766d98f366c0>: Failed to establish a new connection: [Errno 111] Connection refused'))
WARNING 2025-09-24 16:17:54,898 serializers 7322 130212972967616 Connection error for product 1: HTTPConnectionPool(host='localhost', port=8001): Max retries exceeded with url: /products/1/ (Caused by NewConnectionError('<urllib3.connection.HTTPConnection object at 0x766d9851f7d0>: Failed to establish a new connection: [Errno 111] Connection refused'))
WARNING 2025-09-24 16:17:54,900 serializers 7322 130212972967616 Connection error for product 1: HTTPConnectionPool(host='localhost', port=8001): Max retries exceeded with url: /products/1/ (Caused by NewConnectionError('<urllib3.connection.HTTPConnection object at 0x766d98f36cf0>: Failed to establish a new connection: [Errno 111] Connection refused'))
WARNING 2025-09-24 16:17:54,901 serializers 7322 130212972967616 Using fallback cache for product 1 due to service failure
WARNING 2025-09-24 16:17:54,902 serializers 7322 130212972967616 Connection error for product 2: HTTPConnectionPool(host='localhost', port=8001): Max retries exceeded with url: /products/2/ (Caused by NewConnectionError('<urllib3.connection.HTTPConnection object at 0x766d98f371a0>: Failed to establish a new connection: [Errno 111] Connection refused'))
WARNING 2025-09-24 16:17:54,904 serializers 7322 130212972967616 Connection error for product 2: HTTPConnectionPool(host='localhost', port=8001): Max retries exceeded with url: /products/2/ (Caused by NewConnectionError('<urllib3.connection.HTTPConnection object at 0x766d9851f770>: Failed to establish a new connection: [Errno 111] Connection refused'))
WARNING 2025-09-24 16:17:54,905 serializers 7322 130212972967616 Connection error for product 2: HTTPConnectionPool(host='localhost', port=8001): Max retries exceeded with url: /products/2/ (Caused by NewConnectionError('<urllib3.connection.HTTPConnection object at 0x766d9851fb30>: Failed to establish a new connection: [Errno 111] Connection refused'))
WARNING 2025-09-24 16:17:54,905 serializers 7322 130212972967616 Using fallback cache for product 2 due to service failure
WARNING 2025-09-24 16:19:06,794 serializers 7322 130212972967616 Connection error for product 1: HTTPConnectionPool(host='localhost', port=8001): Max retries exceeded with url: /products/1/ (Caused by NewConnectionError('<urllib3.connection.HTTPConnection object at 0x766d9851eff0>: Failed to establish a new connection: [Errno 111] Connection refused'))
WARNING 2025-09-24 16:19:06,796 serializers 7322 130212972967616 Connection error for product 1: HTTPConnectionPool(host='localhost', port=8001): Max retries exceeded with url: /products/1/ (Caused by NewConnectionError('<urllib3.connection.HTTPConnection object at 0x766d9851fb90>: Failed to establish a new connection: [Errno 111] Connection refused'))
WARNING 2025-09-24 16:19:06,799 serializers 7322 130212972967616 Connection error for product 1: HTTPConnectionPool(host='localhost', port=8001): Max retries exceeded with url: /products/1/ (Caused by NewConnectionError('<urllib3.connection.HTTPConnection object at 0x766d9851f500>: Failed to establish a new connection: [Errno 111] Connection refused'))
WARNING 2025-09-24 16:19:06,799 serializers 7322 130212972967616 Using fallback cache for product 1 due to service failure
WARNING 2025-09-24 16:19:06,801 serializers 7322 130212972967616 Connection error for product 2: HTTPConnectionPool(host='localhost', port=8001): Max retries exceeded with url: /products/2/ (Caused by NewConnectionError('<urllib3.connection.HTTPConnection object at 0x766d9851f8f0>: Failed to establish a new connection: [Errno 111] Connection refused'))
WARNING 2025-09-24 16:19:06,803 serializers 7322 130212972967616 Connection error for product 2: HTTPConnectionPool(host='localhost', port=8001): Max retries exceeded with url: /products/2/ (Caused by NewConnectionError('<urllib3.connection.HTTPConnection object at 0x766d98f36270>: Failed to establish a new connection: [Errno 111] Connection refused'))
WARNING 2025-09-24 16:19:06,805 serializers 7322 130212972967616 Connection error for product 2: HTTPConnectionPool(host='localhost', port=8001): Max retries exceeded with url: /products/2/ (Caused by NewConnectionError('<urllib3.connection.HTTPConnection object at 0x766d98f34530>: Failed to establish a new connection: [Errno 111] Connection refused'))
WARNING 2025-09-24 16:19:06,805 serializers 7322 130212972967616 Using fallback cache for product 2 due to service failure
WARNING 2025-09-24 16:23:43,863 serializers 7322 130212972967616 Connection error for product 1: HTTPConnectionPool(host='localhost', port=8001): Max retries exceeded with url: /products/1/ (Caused by NewConnectionError('<urllib3.connection.HTTPConnection object at 0x766d98f344d0>: Failed to establish a new connection: [Errno 111] Connection refused'))
WARNING 2025-09-24 16:23:43,864 serializers 7322 130212972967616 Connection error for product 1: HTTPConnectionPool(host='localhost', port=8001): Max retries exceeded with url: /products/1/ (Caused by NewConnectionError('<urllib3.connection.HTTPConnection object at 0x766d9851fbf0>: Failed to establish a new connection: [Errno 111] Connection refused'))
WARNING 2025-09-24 16:23:43,866 serializers 7322 130212972967616 Connection error for product 1: HTTPConnectionPool(host='localhost', port=8001): Max retries exceeded with url: /products/1/ (Caused by NewConnectionError('<urllib3.connection.HTTPConnection object at 0x766d98f360f0>: Failed to establish a new connection: [Errno 111] Connection refused'))
WARNING 2025-09-24 16:23:43,866 serializers 7322 130212972967616 Using fallback cache for product 1 due to service failure
WARNING 2025-09-24 16:23:43,868 serializers 7322 130212972967616 Connection error for product 2: HTTPConnectionPool(host='localhost', port=8001): Max retries exceeded with url: /products/2/ (Caused by NewConnectionError('<urllib3.connection.HTTPConnection object at 0x766d98f8dd60>: Failed to establish a new connection: [Errno 111] Connection refused'))
WARNING 2025-09-24 16:23:43,869 serializers 7322 130212972967616 Connection error for product 2: HTTPConnectionPool(host='localhost', port=8001): Max retries exceeded with url: /products/2/ (Caused by NewConnectionError('<urllib3.connection.HTTPConnection object at 0x766d9851f920>: Failed to establish a new connection: [Errno 111] Connection refused'))
WARNING 2025-09-24 16:23:43,870 serializers 7322 130212972967616 Connection error for product 2: HTTPConnectionPool(host='localhost', port=8001): Max retries exceeded with url: /products/2/ (Caused by NewConnectionError('<urllib3.connection.HTTPConnection object at 0x766d986515e0>: Failed to establish a new connection: [Errno 111] Connection refused'))
WARNING 2025-09-24 16:23:43,870 serializers 7322 130212972967616 Using fallback cache for product 2 due to service failure
WARNING 2025-09-24 16:25:56,065 serializers 7322 130212972967616 Connection error for product 1: HTTPConnectionPool(host='localhost', port=8001): Max retries exceeded with url: /products/1/ (Caused by NewConnectionError('<urllib3.connection.HTTPConnection object at 0x766d98652c60>: Failed to establish a new connection: [Errno 111] Connection refused'))
WARNING 2025-09-24 16:25:56,066 serializers 7322 130212972967616 Connection error for product 1: HTTPConnectionPool(host='localhost', port=8001): Max retries exceeded with url: /products/1/ (Caused by NewConnectionError('<urllib3.connection.HTTPConnection object at 0x766d98653fb0>: Failed to establish a new connection: [Errno 111] Connection refused'))
WARNING 2025-09-24 16:25:56,068 serializers 7322 130212972967616 Connection error for product 1: HTTPConnectionPool(host='localhost', port=8001): Max retries exceeded with url: /products/1/ (Caused by NewConnectionError('<urllib3.connection.HTTPConnection object at 0x766d98f35310>: Failed to establish a new connection: [Errno 111] Connection refused'))
ERROR 2025-09-24 16:25:56,068 serializers 7322 130212972967616 No product data available for product 1, using minimal fallback
WARNING 2025-09-24 16:25:56,070 serializers 7322 130212972967616 Connection error for product 2: HTTPConnectionPool(host='localhost', port=8001): Max retries exceeded with url: /products/2/ (Caused by NewConnectionError('<urllib3.connection.HTTPConnection object at 0x766d98653fb0>: Failed to establish a new connection: [Errno 111] Connection refused'))
WARNING 2025-09-24 16:25:56,071 serializers 7322 130212972967616 Connection error for product 2: HTTPConnectionPool(host='localhost', port=8001): Max retries exceeded with url: /products/2/ (Caused by NewConnectionError('<urllib3.connection.HTTPConnection object at 0x766d98653d10>: Failed to establish a new connection: [Errno 111] Connection refused'))
WARNING 2025-09-24 16:25:56,072 serializers 7322 130212972967616 Connection error for product 2: HTTPConnectionPool(host='localhost', port=8001): Max retries exceeded with url: /products/2/ (Caused by NewConnectionError('<urllib3.connection.HTTPConnection object at 0x766d986515e0>: Failed to establish a new connection: [Errno 111] Connection refused'))
ERROR 2025-09-24 16:25:56,072 serializers 7322 130212972967616 No product data available for product 2, using minimal fallback
WARNING 2025-09-25 10:06:22,135 serializers 13761 133859483055808 Connection error for product 1: HTTPConnectionPool(host='localhost', port=8001): Max retries exceeded with url: /products/1/ (Caused by NewConnectionError('<urllib3.connection.HTTPConnection object at 0x79be96f47920>: Failed to establish a new connection: [Errno 111] Connection refused'))
WARNING 2025-09-25 10:06:22,160 serializers 13761 133859483055808 Connection error for product 1: HTTPConnectionPool(host='localhost', port=8001): Max retries exceeded with url: /products/1/ (Caused by NewConnectionError('<urllib3.connection.HTTPConnection object at 0x79be96f740b0>: Failed to establish a new connection: [Errno 111] Connection refused'))
WARNING 2025-09-25 10:06:22,162 serializers 13761 133859483055808 Connection error for product 1: HTTPConnectionPool(host='localhost', port=8001): Max retries exceeded with url: /products/1/ (Caused by NewConnectionError('<urllib3.connection.HTTPConnection object at 0x79be96f47e30>: Failed to establish a new connection: [Errno 111] Connection refused'))
ERROR 2025-09-25 10:06:22,162 serializers 13761 133859483055808 No product data available for product 1, using minimal fallback
WARNING 2025-09-25 10:06:22,174 serializers 13761 133859483055808 Connection error for product 2: HTTPConnectionPool(host='localhost', port=8001): Max retries exceeded with url: /products/2/ (Caused by NewConnectionError('<urllib3.connection.HTTPConnection object at 0x79be96f47950>: Failed to establish a new connection: [Errno 111] Connection refused'))
WARNING 2025-09-25 10:06:22,176 serializers 13761 133859483055808 Connection error for product 2: HTTPConnectionPool(host='localhost', port=8001): Max retries exceeded with url: /products/2/ (Caused by NewConnectionError('<urllib3.connection.HTTPConnection object at 0x79be96f74830>: Failed to establish a new connection: [Errno 111] Connection refused'))
WARNING 2025-09-25 10:06:22,178 serializers 13761 133859483055808 Connection error for product 2: HTTPConnectionPool(host='localhost', port=8001): Max retries exceeded with url: /products/2/ (Caused by NewConnectionError('<urllib3.connection.HTTPConnection object at 0x79be96f74fb0>: Failed to establish a new connection: [Errno 111] Connection refused'))
ERROR 2025-09-25 10:06:22,178 serializers 13761 133859483055808 No product data available for product 2, using minimal fallback
WARNING 2025-09-25 10:09:09,845 serializers 13761 133859483055808 Connection error for product 1: HTTPConnectionPool(host='localhost', port=8001): Max retries exceeded with url: /products/1/ (Caused by NewConnectionError('<urllib3.connection.HTTPConnection object at 0x79be96f0f350>: Failed to establish a new connection: [Errno 111] Connection refused'))
WARNING 2025-09-25 10:09:09,846 serializers 13761 133859483055808 Connection error for product 1: HTTPConnectionPool(host='localhost', port=8001): Max retries exceeded with url: /products/1/ (Caused by NewConnectionError('<urllib3.connection.HTTPConnection object at 0x79be96f0fce0>: Failed to establish a new connection: [Errno 111] Connection refused'))
WARNING 2025-09-25 10:09:09,848 serializers 13761 133859483055808 Connection error for product 1: HTTPConnectionPool(host='localhost', port=8001): Max retries exceeded with url: /products/1/ (Caused by NewConnectionError('<urllib3.connection.HTTPConnection object at 0x79be96f0fc50>: Failed to establish a new connection: [Errno 111] Connection refused'))
ERROR 2025-09-25 10:09:09,848 serializers 13761 133859483055808 No product data available for product 1, using minimal fallback
WARNING 2025-09-25 10:09:09,850 serializers 13761 133859483055808 Connection error for product 2: HTTPConnectionPool(host='localhost', port=8001): Max retries exceeded with url: /products/2/ (Caused by NewConnectionError('<urllib3.connection.HTTPConnection object at 0x79be96f0db80>: Failed to establish a new connection: [Errno 111] Connection refused'))
WARNING 2025-09-25 10:09:09,851 serializers 13761 133859483055808 Connection error for product 2: HTTPConnectionPool(host='localhost', port=8001): Max retries exceeded with url: /products/2/ (Caused by NewConnectionError('<urllib3.connection.HTTPConnection object at 0x79be96f0c230>: Failed to establish a new connection: [Errno 111] Connection refused'))
WARNING 2025-09-25 10:09:09,852 serializers 13761 133859483055808 Connection error for product 2: HTTPConnectionPool(host='localhost', port=8001): Max retries exceeded with url: /products/2/ (Caused by NewConnectionError('<urllib3.connection.HTTPConnection object at 0x79be96f0ffb0>: Failed to establish a new connection: [Errno 111] Connection refused'))
ERROR 2025-09-25 10:09:09,853 serializers 13761 133859483055808 No product data available for product 2, using minimal fallback
WARNING 2025-09-25 10:57:30,839 serializers 13761 133859483055808 Connection error for product 1: HTTPConnectionPool(host='localhost', port=8001): Max retries exceeded with url: /products/1/ (Caused by NewConnectionError('<urllib3.connection.HTTPConnection object at 0x79be96f0f200>: Failed to establish a new connection: [Errno 111] Connection refused'))
WARNING 2025-09-25 10:57:30,875 serializers 13761 133859483055808 Connection error for product 1: HTTPConnectionPool(host='localhost', port=8001): Max retries exceeded with url: /products/1/ (Caused by NewConnectionError('<urllib3.connection.HTTPConnection object at 0x79be96f0f170>: Failed to establish a new connection: [Errno 111] Connection refused'))
WARNING 2025-09-25 10:57:30,877 serializers 13761 133859483055808 Connection error for product 1: HTTPConnectionPool(host='localhost', port=8001): Max retries exceeded with url: /products/1/ (Caused by NewConnectionError('<urllib3.connection.HTTPConnection object at 0x79be96f0fcb0>: Failed to establish a new connection: [Errno 111] Connection refused'))
ERROR 2025-09-25 10:57:30,877 serializers 13761 133859483055808 No product data available for product 1, using minimal fallback
WARNING 2025-09-25 10:57:30,893 serializers 13761 133859483055808 Connection error for product 2: HTTPConnectionPool(host='localhost', port=8001): Max retries exceeded with url: /products/2/ (Caused by NewConnectionError('<urllib3.connection.HTTPConnection object at 0x79be96f0c500>: Failed to establish a new connection: [Errno 111] Connection refused'))
WARNING 2025-09-25 10:57:30,894 serializers 13761 133859483055808 Connection error for product 2: HTTPConnectionPool(host='localhost', port=8001): Max retries exceeded with url: /products/2/ (Caused by NewConnectionError('<urllib3.connection.HTTPConnection object at 0x79be96f0cda0>: Failed to establish a new connection: [Errno 111] Connection refused'))
WARNING 2025-09-25 10:57:30,896 serializers 13761 133859483055808 Connection error for product 2: HTTPConnectionPool(host='localhost', port=8001): Max retries exceeded with url: /products/2/ (Caused by NewConnectionError('<urllib3.connection.HTTPConnection object at 0x79be970c0590>: Failed to establish a new connection: [Errno 111] Connection refused'))
ERROR 2025-09-25 10:57:30,896 serializers 13761 133859483055808 No product data available for product 2, using minimal fallback
WARNING 2025-09-25 11:13:05,889 serializers 13761 133859483055808 Connection error for product 1: HTTPConnectionPool(host='localhost', port=8001): Max retries exceeded with url: /products/1/ (Caused by NewConnectionError('<urllib3.connection.HTTPConnection object at 0x79be970c3b00>: Failed to establish a new connection: [Errno 111] Connection refused'))
WARNING 2025-09-25 11:13:05,903 serializers 13761 133859483055808 Connection error for product 1: HTTPConnectionPool(host='localhost', port=8001): Max retries exceeded with url: /products/1/ (Caused by NewConnectionError('<urllib3.connection.HTTPConnection object at 0x79be970c3560>: Failed to establish a new connection: [Errno 111] Connection refused'))
WARNING 2025-09-25 11:13:05,915 serializers 13761 133859483055808 Connection error for product 1: HTTPConnectionPool(host='localhost', port=8001): Max retries exceeded with url: /products/1/ (Caused by NewConnectionError('<urllib3.connection.HTTPConnection object at 0x79be96f0e4b0>: Failed to establish a new connection: [Errno 111] Connection refused'))
ERROR 2025-09-25 11:13:05,916 serializers 13761 133859483055808 No product data available for product 1, using minimal fallback
WARNING 2025-09-25 11:13:05,920 serializers 13761 133859483055808 Connection error for product 2: HTTPConnectionPool(host='localhost', port=8001): Max retries exceeded with url: /products/2/ (Caused by NewConnectionError('<urllib3.connection.HTTPConnection object at 0x79be96f0e480>: Failed to establish a new connection: [Errno 111] Connection refused'))
WARNING 2025-09-25 11:13:05,924 serializers 13761 133859483055808 Connection error for product 2: HTTPConnectionPool(host='localhost', port=8001): Max retries exceeded with url: /products/2/ (Caused by NewConnectionError('<urllib3.connection.HTTPConnection object at 0x79be96f0cc80>: Failed to establish a new connection: [Errno 111] Connection refused'))
WARNING 2025-09-25 11:13:05,928 serializers 13761 133859483055808 Connection error for product 2: HTTPConnectionPool(host='localhost', port=8001): Max retries exceeded with url: /products/2/ (Caused by NewConnectionError('<urllib3.connection.HTTPConnection object at 0x79be96f0ef30>: Failed to establish a new connection: [Errno 111] Connection refused'))
ERROR 2025-09-25 11:13:05,928 serializers 13761 133859483055808 No product data available for product 2, using minimal fallback
WARNING 2025-09-25 11:14:50,566 serializers 13761 133859483055808 Connection error for product 1: HTTPConnectionPool(host='localhost', port=8001): Max retries exceeded with url: /products/1/ (Caused by NewConnectionError('<urllib3.connection.HTTPConnection object at 0x79be96f0dc70>: Failed to establish a new connection: [Errno 111] Connection refused'))
WARNING 2025-09-25 11:14:50,568 serializers 13761 133859483055808 Connection error for product 1: HTTPConnectionPool(host='localhost', port=8001): Max retries exceeded with url: /products/1/ (Caused by NewConnectionError('<urllib3.connection.HTTPConnection object at 0x79be96f0f560>: Failed to establish a new connection: [Errno 111] Connection refused'))
WARNING 2025-09-25 11:14:50,570 serializers 13761 133859483055808 Connection error for product 1: HTTPConnectionPool(host='localhost', port=8001): Max retries exceeded with url: /products/1/ (Caused by NewConnectionError('<urllib3.connection.HTTPConnection object at 0x79be96f0fcb0>: Failed to establish a new connection: [Errno 111] Connection refused'))
ERROR 2025-09-25 11:14:50,570 serializers 13761 133859483055808 No product data available for product 1, using minimal fallback
WARNING 2025-09-25 11:14:50,572 serializers 13761 133859483055808 Connection error for product 2: HTTPConnectionPool(host='localhost', port=8001): Max retries exceeded with url: /products/2/ (Caused by NewConnectionError('<urllib3.connection.HTTPConnection object at 0x79be96f0fb90>: Failed to establish a new connection: [Errno 111] Connection refused'))
WARNING 2025-09-25 11:14:50,574 serializers 13761 133859483055808 Connection error for product 2: HTTPConnectionPool(host='localhost', port=8001): Max retries exceeded with url: /products/2/ (Caused by NewConnectionError('<urllib3.connection.HTTPConnection object at 0x79be97057b60>: Failed to establish a new connection: [Errno 111] Connection refused'))
WARNING 2025-09-25 11:14:50,575 serializers 13761 133859483055808 Connection error for product 2: HTTPConnectionPool(host='localhost', port=8001): Max retries exceeded with url: /products/2/ (Caused by NewConnectionError('<urllib3.connection.HTTPConnection object at 0x79be96f46690>: Failed to establish a new connection: [Errno 111] Connection refused'))
ERROR 2025-09-25 11:14:50,575 serializers 13761 133859483055808 No product data available for product 2, using minimal fallback
WARNING 2025-09-25 11:21:42,564 serializers 13761 133859483055808 Connection error for product 1: HTTPConnectionPool(host='localhost', port=8001): Max retries exceeded with url: /products/1/ (Caused by NewConnectionError('<urllib3.connection.HTTPConnection object at 0x79be96f0f1d0>: Failed to establish a new connection: [Errno 111] Connection refused'))
WARNING 2025-09-25 11:21:42,572 serializers 13761 133859483055808 Connection error for product 1: HTTPConnectionPool(host='localhost', port=8001): Max retries exceeded with url: /products/1/ (Caused by NewConnectionError('<urllib3.connection.HTTPConnection object at 0x79be970c13a0>: Failed to establish a new connection: [Errno 111] Connection refused'))
WARNING 2025-09-25 11:21:42,574 serializers 13761 133859483055808 Connection error for product 1: HTTPConnectionPool(host='localhost', port=8001): Max retries exceeded with url: /products/1/ (Caused by NewConnectionError('<urllib3.connection.HTTPConnection object at 0x79be96f0f350>: Failed to establish a new connection: [Errno 111] Connection refused'))
ERROR 2025-09-25 11:21:42,574 serializers 13761 133859483055808 No product data available for product 1, using minimal fallback
WARNING 2025-09-25 11:21:42,576 serializers 13761 133859483055808 Connection error for product 2: HTTPConnectionPool(host='localhost', port=8001): Max retries exceeded with url: /products/2/ (Caused by NewConnectionError('<urllib3.connection.HTTPConnection object at 0x79be96f0d2b0>: Failed to establish a new connection: [Errno 111] Connection refused'))
WARNING 2025-09-25 11:21:42,577 serializers 13761 133859483055808 Connection error for product 2: HTTPConnectionPool(host='localhost', port=8001): Max retries exceeded with url: /products/2/ (Caused by NewConnectionError('<urllib3.connection.HTTPConnection object at 0x79be970c2ff0>: Failed to establish a new connection: [Errno 111] Connection refused'))
WARNING 2025-09-25 11:21:42,578 serializers 13761 133859483055808 Connection error for product 2: HTTPConnectionPool(host='localhost', port=8001): Max retries exceeded with url: /products/2/ (Caused by NewConnectionError('<urllib3.connection.HTTPConnection object at 0x79be970c0470>: Failed to establish a new connection: [Errno 111] Connection refused'))
ERROR 2025-09-25 11:21:42,578 serializers 13761 133859483055808 No product data available for product 2, using minimal fallback
WARNING 2025-09-25 12:16:36,956 serializers 13761 133859483055808 Connection error for product 1: HTTPConnectionPool(host='localhost', port=8001): Max retries exceeded with url: /products/1/ (Caused by NewConnectionError('<urllib3.connection.HTTPConnection object at 0x79be970c3230>: Failed to establish a new connection: [Errno 111] Connection refused'))
WARNING 2025-09-25 12:16:36,995 serializers 13761 133859483055808 Connection error for product 1: HTTPConnectionPool(host='localhost', port=8001): Max retries exceeded with url: /products/1/ (Caused by NewConnectionError('<urllib3.connection.HTTPConnection object at 0x79be970c2ba0>: Failed to establish a new connection: [Errno 111] Connection refused'))
WARNING 2025-09-25 12:16:36,997 serializers 13761 133859483055808 Connection error for product 1: HTTPConnectionPool(host='localhost', port=8001): Max retries exceeded with url: /products/1/ (Caused by NewConnectionError('<urllib3.connection.HTTPConnection object at 0x79be970c1fa0>: Failed to establish a new connection: [Errno 111] Connection refused'))
ERROR 2025-09-25 12:16:36,997 serializers 13761 133859483055808 No product data available for product 1, using minimal fallback
WARNING 2025-09-25 12:16:37,010 serializers 13761 133859483055808 Connection error for product 2: HTTPConnectionPool(host='localhost', port=8001): Max retries exceeded with url: /products/2/ (Caused by NewConnectionError('<urllib3.connection.HTTPConnection object at 0x79be970c27e0>: Failed to establish a new connection: [Errno 111] Connection refused'))
WARNING 2025-09-25 12:16:37,012 serializers 13761 133859483055808 Connection error for product 2: HTTPConnectionPool(host='localhost', port=8001): Max retries exceeded with url: /products/2/ (Caused by NewConnectionError('<urllib3.connection.HTTPConnection object at 0x79be970c2ea0>: Failed to establish a new connection: [Errno 111] Connection refused'))
WARNING 2025-09-25 12:16:37,013 serializers 13761 133859483055808 Connection error for product 2: HTTPConnectionPool(host='localhost', port=8001): Max retries exceeded with url: /products/2/ (Caused by NewConnectionError('<urllib3.connection.HTTPConnection object at 0x79be970c1d90>: Failed to establish a new connection: [Errno 111] Connection refused'))
ERROR 2025-09-25 12:16:37,013 serializers 13761 133859483055808 No product data available for product 2, using minimal fallback
WARNING 2025-09-25 12:17:47,742 serializers 13761 133859483055808 Connection error for product 1: HTTPConnectionPool(host='localhost', port=8001): Max retries exceeded with url: /products/1/ (Caused by NewConnectionError('<urllib3.connection.HTTPConnection object at 0x79be970c3e60>: Failed to establish a new connection: [Errno 111] Connection refused'))
WARNING 2025-09-25 12:17:47,744 serializers 13761 133859483055808 Connection error for product 1: HTTPConnectionPool(host='localhost', port=8001): Max retries exceeded with url: /products/1/ (Caused by NewConnectionError('<urllib3.connection.HTTPConnection object at 0x79be970c0290>: Failed to establish a new connection: [Errno 111] Connection refused'))
WARNING 2025-09-25 12:17:47,746 serializers 13761 133859483055808 Connection error for product 1: HTTPConnectionPool(host='localhost', port=8001): Max retries exceeded with url: /products/1/ (Caused by NewConnectionError('<urllib3.connection.HTTPConnection object at 0x79be970c33b0>: Failed to establish a new connection: [Errno 111] Connection refused'))
ERROR 2025-09-25 12:17:47,746 serializers 13761 133859483055808 No product data available for product 1, using minimal fallback
WARNING 2025-09-25 12:17:47,748 serializers 13761 133859483055808 Connection error for product 2: HTTPConnectionPool(host='localhost', port=8001): Max retries exceeded with url: /products/2/ (Caused by NewConnectionError('<urllib3.connection.HTTPConnection object at 0x79be970c1580>: Failed to establish a new connection: [Errno 111] Connection refused'))
WARNING 2025-09-25 12:17:47,749 serializers 13761 133859483055808 Connection error for product 2: HTTPConnectionPool(host='localhost', port=8001): Max retries exceeded with url: /products/2/ (Caused by NewConnectionError('<urllib3.connection.HTTPConnection object at 0x79be970c32f0>: Failed to establish a new connection: [Errno 111] Connection refused'))
WARNING 2025-09-25 12:17:47,751 serializers 13761 133859483055808 Connection error for product 2: HTTPConnectionPool(host='localhost', port=8001): Max retries exceeded with url: /products/2/ (Caused by NewConnectionError('<urllib3.connection.HTTPConnection object at 0x79be97087b00>: Failed to establish a new connection: [Errno 111] Connection refused'))
ERROR 2025-09-25 12:17:47,751 serializers 13761 133859483055808 No product data available for product 2, using minimal fallback
WARNING 2025-09-25 12:20:49,497 serializers 13761 133859483055808 Connection error for product 1: HTTPConnectionPool(host='localhost', port=8001): Max retries exceeded with url: /products/1/ (Caused by NewConnectionError('<urllib3.connection.HTTPConnection object at 0x79be970c2090>: Failed to establish a new connection: [Errno 111] Connection refused'))
WARNING 2025-09-25 12:20:49,513 serializers 13761 133859483055808 Connection error for product 1: HTTPConnectionPool(host='localhost', port=8001): Max retries exceeded with url: /products/1/ (Caused by NewConnectionError('<urllib3.connection.HTTPConnection object at 0x79be970c1220>: Failed to establish a new connection: [Errno 111] Connection refused'))
WARNING 2025-09-25 12:20:49,517 serializers 13761 133859483055808 Connection error for product 1: HTTPConnectionPool(host='localhost', port=8001): Max retries exceeded with url: /products/1/ (Caused by NewConnectionError('<urllib3.connection.HTTPConnection object at 0x79be97087e30>: Failed to establish a new connection: [Errno 111] Connection refused'))
ERROR 2025-09-25 12:20:49,518 serializers 13761 133859483055808 No product data available for product 1, using minimal fallback
WARNING 2025-09-25 12:20:49,526 serializers 13761 133859483055808 Connection error for product 2: HTTPConnectionPool(host='localhost', port=8001): Max retries exceeded with url: /products/2/ (Caused by NewConnectionError('<urllib3.connection.HTTPConnection object at 0x79be970c27e0>: Failed to establish a new connection: [Errno 111] Connection refused'))
WARNING 2025-09-25 12:20:49,527 serializers 13761 133859483055808 Connection error for product 2: HTTPConnectionPool(host='localhost', port=8001): Max retries exceeded with url: /products/2/ (Caused by NewConnectionError('<urllib3.connection.HTTPConnection object at 0x79be970c3cb0>: Failed to establish a new connection: [Errno 111] Connection refused'))
WARNING 2025-09-25 12:20:49,529 serializers 13761 133859483055808 Connection error for product 2: HTTPConnectionPool(host='localhost', port=8001): Max retries exceeded with url: /products/2/ (Caused by NewConnectionError('<urllib3.connection.HTTPConnection object at 0x79be96605670>: Failed to establish a new connection: [Errno 111] Connection refused'))
ERROR 2025-09-25 12:20:49,529 serializers 13761 133859483055808 No product data available for product 2, using minimal fallback
WARNING 2025-09-25 12:37:00,028 serializers 13761 133859483055808 Connection error for product 1: HTTPConnectionPool(host='localhost', port=8001): Max retries exceeded with url: /products/1/ (Caused by NewConnectionError('<urllib3.connection.HTTPConnection object at 0x79be96605e50>: Failed to establish a new connection: [Errno 111] Connection refused'))
WARNING 2025-09-25 12:37:00,115 serializers 13761 133859483055808 Connection error for product 1: HTTPConnectionPool(host='localhost', port=8001): Max retries exceeded with url: /products/1/ (Caused by NewConnectionError('<urllib3.connection.HTTPConnection object at 0x79be97087f50>: Failed to establish a new connection: [Errno 111] Connection refused'))
WARNING 2025-09-25 12:37:00,129 serializers 13761 133859483055808 Connection error for product 1: HTTPConnectionPool(host='localhost', port=8001): Max retries exceeded with url: /products/1/ (Caused by NewConnectionError('<urllib3.connection.HTTPConnection object at 0x79be970c03b0>: Failed to establish a new connection: [Errno 111] Connection refused'))
ERROR 2025-09-25 12:37:00,130 serializers 13761 133859483055808 No product data available for product 1, using minimal fallback
WARNING 2025-09-25 12:37:00,136 serializers 13761 133859483055808 Connection error for product 2: HTTPConnectionPool(host='localhost', port=8001): Max retries exceeded with url: /products/2/ (Caused by NewConnectionError('<urllib3.connection.HTTPConnection object at 0x79be970c2d80>: Failed to establish a new connection: [Errno 111] Connection refused'))
WARNING 2025-09-25 12:37:00,143 serializers 13761 133859483055808 Connection error for product 2: HTTPConnectionPool(host='localhost', port=8001): Max retries exceeded with url: /products/2/ (Caused by NewConnectionError('<urllib3.connection.HTTPConnection object at 0x79be970c3590>: Failed to establish a new connection: [Errno 111] Connection refused'))
WARNING 2025-09-25 12:37:00,149 serializers 13761 133859483055808 Connection error for product 2: HTTPConnectionPool(host='localhost', port=8001): Max retries exceeded with url: /products/2/ (Caused by NewConnectionError('<urllib3.connection.HTTPConnection object at 0x79be96f46750>: Failed to establish a new connection: [Errno 111] Connection refused'))
ERROR 2025-09-25 12:37:00,149 serializers 13761 133859483055808 No product data available for product 2, using minimal fallback
WARNING 2025-09-25 12:38:52,855 serializers 13761 133859483055808 Connection error for product 1: HTTPConnectionPool(host='localhost', port=8001): Max retries exceeded with url: /products/1/ (Caused by NewConnectionError('<urllib3.connection.HTTPConnection object at 0x79be96fcb470>: Failed to establish a new connection: [Errno 111] Connection refused'))
WARNING 2025-09-25 12:38:52,856 serializers 13761 133859483055808 Connection error for product 1: HTTPConnectionPool(host='localhost', port=8001): Max retries exceeded with url: /products/1/ (Caused by NewConnectionError('<urllib3.connection.HTTPConnection object at 0x79be96fc82c0>: Failed to establish a new connection: [Errno 111] Connection refused'))
WARNING 2025-09-25 12:38:52,858 serializers 13761 133859483055808 Connection error for product 1: HTTPConnectionPool(host='localhost', port=8001): Max retries exceeded with url: /products/1/ (Caused by NewConnectionError('<urllib3.connection.HTTPConnection object at 0x79be96fcb6b0>: Failed to establish a new connection: [Errno 111] Connection refused'))
ERROR 2025-09-25 12:38:52,858 serializers 13761 133859483055808 No product data available for product 1, using minimal fallback
WARNING 2025-09-25 12:38:52,860 serializers 13761 133859483055808 Connection error for product 2: HTTPConnectionPool(host='localhost', port=8001): Max retries exceeded with url: /products/2/ (Caused by NewConnectionError('<urllib3.connection.HTTPConnection object at 0x79be96fcb350>: Failed to establish a new connection: [Errno 111] Connection refused'))
WARNING 2025-09-25 12:38:52,861 serializers 13761 133859483055808 Connection error for product 2: HTTPConnectionPool(host='localhost', port=8001): Max retries exceeded with url: /products/2/ (Caused by NewConnectionError('<urllib3.connection.HTTPConnection object at 0x79be96fc8dd0>: Failed to establish a new connection: [Errno 111] Connection refused'))
WARNING 2025-09-25 12:38:52,863 serializers 13761 133859483055808 Connection error for product 2: HTTPConnectionPool(host='localhost', port=8001): Max retries exceeded with url: /products/2/ (Caused by NewConnectionError('<urllib3.connection.HTTPConnection object at 0x79be96fc8b90>: Failed to establish a new connection: [Errno 111] Connection refused'))
ERROR 2025-09-25 12:38:52,863 serializers 13761 133859483055808 No product data available for product 2, using minimal fallback
WARNING 2025-09-25 12:44:36,247 serializers 30022 132887381800640 Connection error for product 1: HTTPConnectionPool(host='localhost', port=8001): Max retries exceeded with url: /products/1/ (Caused by NewConnectionError('<urllib3.connection.HTTPConnection object at 0x78dc4132f7d0>: Failed to establish a new connection: [Errno 111] Connection refused'))
WARNING 2025-09-25 12:44:36,251 serializers 30022 132887381800640 Connection error for product 1: HTTPConnectionPool(host='localhost', port=8001): Max retries exceeded with url: /products/1/ (Caused by NewConnectionError('<urllib3.connection.HTTPConnection object at 0x78dc4132fef0>: Failed to establish a new connection: [Errno 111] Connection refused'))
WARNING 2025-09-25 12:44:36,263 serializers 30022 132887381800640 Connection error for product 1: HTTPConnectionPool(host='localhost', port=8001): Max retries exceeded with url: /products/1/ (Caused by NewConnectionError('<urllib3.connection.HTTPConnection object at 0x78dc4132fd40>: Failed to establish a new connection: [Errno 111] Connection refused'))
ERROR 2025-09-25 12:44:36,265 serializers 30022 132887381800640 No product data available for product 1, using minimal fallback
WARNING 2025-09-25 12:44:36,268 serializers 30022 132887381800640 Connection error for product 2: HTTPConnectionPool(host='localhost', port=8001): Max retries exceeded with url: /products/2/ (Caused by NewConnectionError('<urllib3.connection.HTTPConnection object at 0x78dc4132f620>: Failed to establish a new connection: [Errno 111] Connection refused'))
WARNING 2025-09-25 12:44:36,270 serializers 30022 132887381800640 Connection error for product 2: HTTPConnectionPool(host='localhost', port=8001): Max retries exceeded with url: /products/2/ (Caused by NewConnectionError('<urllib3.connection.HTTPConnection object at 0x78dc4135c6b0>: Failed to establish a new connection: [Errno 111] Connection refused'))
WARNING 2025-09-25 12:44:36,273 serializers 30022 132887381800640 Connection error for product 2: HTTPConnectionPool(host='localhost', port=8001): Max retries exceeded with url: /products/2/ (Caused by NewConnectionError('<urllib3.connection.HTTPConnection object at 0x78dc4135ce30>: Failed to establish a new connection: [Errno 111] Connection refused'))
ERROR 2025-09-25 12:44:36,273 serializers 30022 132887381800640 No product data available for product 2, using minimal fallback
INFO 2025-09-25 12:45:37,332 serializers 30022 132887372359360 Product 1 fetched successfully from service
INFO 2025-09-25 12:45:37,340 serializers 30022 132887372359360 Product 2 fetched successfully from service
INFO 2025-09-25 12:50:40,336 serializers 30022 132887381800640 Product 1 fetched successfully from service
INFO 2025-09-25 12:50:40,342 serializers 30022 132887381800640 Product 2 fetched successfully from service
WARNING 2025-09-27 12:49:40,846 serializers 25088 131357656217280 Connection error for product 1: HTTPConnectionPool(host='localhost', port=8001): Max retries exceeded with url: /products/1/ (Caused by NewConnectionError('<urllib3.connection.HTTPConnection object at 0x7778168c76b0>: Failed to establish a new connection: [Errno 111] Connection refused'))
WARNING 2025-09-27 12:49:40,922 serializers 25088 131357656217280 Connection error for product 1: HTTPConnectionPool(host='localhost', port=8001): Max retries exceeded with url: /products/1/ (Caused by NewConnectionError('<urllib3.connection.HTTPConnection object at 0x7778168c70e0>: Failed to establish a new connection: [Errno 111] Connection refused'))
WARNING 2025-09-27 12:49:40,926 serializers 25088 131357656217280 Connection error for product 1: HTTPConnectionPool(host='localhost', port=8001): Max retries exceeded with url: /products/1/ (Caused by NewConnectionError('<urllib3.connection.HTTPConnection object at 0x7778168c5280>: Failed to establish a new connection: [Errno 111] Connection refused'))
ERROR 2025-09-27 12:49:40,927 serializers 25088 131357656217280 No product data available for product 1, using minimal fallback
WARNING 2025-09-27 12:49:40,932 serializers 25088 131357656217280 Connection error for product 2: HTTPConnectionPool(host='localhost', port=8001): Max retries exceeded with url: /products/2/ (Caused by NewConnectionError('<urllib3.connection.HTTPConnection object at 0x7778168c6540>: Failed to establish a new connection: [Errno 111] Connection refused'))
WARNING 2025-09-27 12:49:40,937 serializers 25088 131357656217280 Connection error for product 2: HTTPConnectionPool(host='localhost', port=8001): Max retries exceeded with url: /products/2/ (Caused by NewConnectionError('<urllib3.connection.HTTPConnection object at 0x7778168c7650>: Failed to establish a new connection: [Errno 111] Connection refused'))
WARNING 2025-09-27 12:49:40,939 serializers 25088 131357656217280 Connection error for product 2: HTTPConnectionPool(host='localhost', port=8001): Max retries exceeded with url: /products/2/ (Caused by NewConnectionError('<urllib3.connection.HTTPConnection object at 0x7778168c7050>: Failed to establish a new connection: [Errno 111] Connection refused'))
ERROR 2025-09-27 12:49:40,939 serializers 25088 131357656217280 No product data available for product 2, using minimal fallback
WARNING 2025-09-27 12:50:54,399 serializers 25088 131357656217280 Connection error for product 1: HTTPConnectionPool(host='localhost', port=8001): Max retries exceeded with url: /products/1/ (Caused by NewConnectionError('<urllib3.connection.HTTPConnection object at 0x777816747a70>: Failed to establish a new connection: [Errno 111] Connection refused'))
WARNING 2025-09-27 12:50:54,401 serializers 25088 131357656217280 Connection error for product 1: HTTPConnectionPool(host='localhost', port=8001): Max retries exceeded with url: /products/1/ (Caused by NewConnectionError('<urllib3.connection.HTTPConnection object at 0x7778167bbd40>: Failed to establish a new connection: [Errno 111] Connection refused'))
WARNING 2025-09-27 12:50:54,403 serializers 25088 131357656217280 Connection error for product 1: HTTPConnectionPool(host='localhost', port=8001): Max retries exceeded with url: /products/1/ (Caused by NewConnectionError('<urllib3.connection.HTTPConnection object at 0x7778167448c0>: Failed to establish a new connection: [Errno 111] Connection refused'))
ERROR 2025-09-27 12:50:54,403 serializers 25088 131357656217280 No product data available for product 1, using minimal fallback
WARNING 2025-09-27 12:50:54,405 serializers 25088 131357656217280 Connection error for product 2: HTTPConnectionPool(host='localhost', port=8001): Max retries exceeded with url: /products/2/ (Caused by NewConnectionError('<urllib3.connection.HTTPConnection object at 0x7778167458b0>: Failed to establish a new connection: [Errno 111] Connection refused'))
WARNING 2025-09-27 12:50:54,406 serializers 25088 131357656217280 Connection error for product 2: HTTPConnectionPool(host='localhost', port=8001): Max retries exceeded with url: /products/2/ (Caused by NewConnectionError('<urllib3.connection.HTTPConnection object at 0x777816744140>: Failed to establish a new connection: [Errno 111] Connection refused'))
WARNING 2025-09-27 12:50:54,408 serializers 25088 131357656217280 Connection error for product 2: HTTPConnectionPool(host='localhost', port=8001): Max retries exceeded with url: /products/2/ (Caused by NewConnectionError('<urllib3.connection.HTTPConnection object at 0x7778167bbd40>: Failed to establish a new connection: [Errno 111] Connection refused'))
ERROR 2025-09-27 12:50:54,408 serializers 25088 131357656217280 No product data available for product 2, using minimal fallback
INFO 2025-09-27 12:51:33,925 serializers 25088 131357656217280 Product 1 fetched successfully from service
INFO 2025-09-27 12:51:33,933 serializers 25088 131357656217280 Product 2 fetched successfully from service
WARNING 2025-10-03 11:41:09,470 serializers 13910 127059570456256 Connection error for product 1: HTTPConnectionPool(host='localhost', port=8001): Max retries exceeded with url: /products/1/ (Caused by NewConnectionError('<urllib3.connection.HTTPConnection object at 0x738f5ca83860>: Failed to establish a new connection: [Errno 111] Connection refused'))
WARNING 2025-10-03 11:41:09,505 serializers 13910 127059570456256 Connection error for product 1: HTTPConnectionPool(host='localhost', port=8001): Max retries exceeded with url: /products/1/ (Caused by NewConnectionError('<urllib3.connection.HTTPConnection object at 0x738f5ca831a0>: Failed to establish a new connection: [Errno 111] Connection refused'))
WARNING 2025-10-03 11:41:09,509 serializers 13910 127059570456256 Connection error for product 1: HTTPConnectionPool(host='localhost', port=8001): Max retries exceeded with url: /products/1/ (Caused by NewConnectionError('<urllib3.connection.HTTPConnection object at 0x738f5ca83c20>: Failed to establish a new connection: [Errno 111] Connection refused'))
ERROR 2025-10-03 11:41:09,509 serializers 13910 127059570456256 No product data available for product 1, using minimal fallback
WARNING 2025-10-03 11:41:09,527 serializers 13910 127059570456256 Connection error for product 2: HTTPConnectionPool(host='localhost', port=8001): Max retries exceeded with url: /products/2/ (Caused by NewConnectionError('<urllib3.connection.HTTPConnection object at 0x738f5cafe9f0>: Failed to establish a new connection: [Errno 111] Connection refused'))
WARNING 2025-10-03 11:41:09,528 serializers 13910 127059570456256 Connection error for product 2: HTTPConnectionPool(host='localhost', port=8001): Max retries exceeded with url: /products/2/ (Caused by NewConnectionError('<urllib3.connection.HTTPConnection object at 0x738f5cafc980>: Failed to establish a new connection: [Errno 111] Connection refused'))
WARNING 2025-10-03 11:41:09,530 serializers 13910 127059570456256 Connection error for product 2: HTTPConnectionPool(host='localhost', port=8001): Max retries exceeded with url: /products/2/ (Caused by NewConnectionError('<urllib3.connection.HTTPConnection object at 0x738f5cafdbb0>: Failed to establish a new connection: [Errno 111] Connection refused'))
ERROR 2025-10-03 11:41:09,530 serializers 13910 127059570456256 No product data available for product 2, using minimal fallback
WARNING 2025-10-03 12:44:47,862 serializers 19435 137886257116864 Connection error for product 1: HTTPConnectionPool(host='localhost', port=8001): Max retries exceeded with url: /products/1/ (Caused by NewConnectionError('<urllib3.connection.HTTPConnection object at 0x7d682564b3b0>: Failed to establish a new connection: [Errno 111] Connection refused'))
WARNING 2025-10-03 12:44:47,880 serializers 19435 137886257116864 Connection error for product 1: HTTPConnectionPool(host='localhost', port=8001): Max retries exceeded with url: /products/1/ (Caused by NewConnectionError('<urllib3.connection.HTTPConnection object at 0x7d682564bc80>: Failed to establish a new connection: [Errno 111] Connection refused'))
WARNING 2025-10-03 12:44:47,881 serializers 19435 137886257116864 Connection error for product 1: HTTPConnectionPool(host='localhost', port=8001): Max retries exceeded with url: /products/1/ (Caused by NewConnectionError('<urllib3.connection.HTTPConnection object at 0x7d682564b800>: Failed to establish a new connection: [Errno 111] Connection refused'))
ERROR 2025-10-03 12:44:47,881 serializers 19435 137886257116864 No product data available for product 1, using minimal fallback
WARNING 2025-10-03 12:44:47,883 serializers 19435 137886257116864 Connection error for product 2: HTTPConnectionPool(host='localhost', port=8001): Max retries exceeded with url: /products/2/ (Caused by NewConnectionError('<urllib3.connection.HTTPConnection object at 0x7d682564ab70>: Failed to establish a new connection: [Errno 111] Connection refused'))
WARNING 2025-10-03 12:44:47,884 serializers 19435 137886257116864 Connection error for product 2: HTTPConnectionPool(host='localhost', port=8001): Max retries exceeded with url: /products/2/ (Caused by NewConnectionError('<urllib3.connection.HTTPConnection object at 0x7d6825678440>: Failed to establish a new connection: [Errno 111] Connection refused'))
WARNING 2025-10-03 12:44:47,886 serializers 19435 137886257116864 Connection error for product 2: HTTPConnectionPool(host='localhost', port=8001): Max retries exceeded with url: /products/2/ (Caused by NewConnectionError('<urllib3.connection.HTTPConnection object at 0x7d6825678bc0>: Failed to establish a new connection: [Errno 111] Connection refused'))
ERROR 2025-10-03 12:44:47,886 serializers 19435 137886257116864 No product data available for product 2, using minimal fallback
WARNING 2025-10-03 12:45:14,793 serializers 19435 137886257116864 Connection error for product 1: HTTPConnectionPool(host='localhost', port=8001): Max retries exceeded with url: /products/1/ (Caused by NewConnectionError('<urllib3.connection.HTTPConnection object at 0x7d68257ce0c0>: Failed to establish a new connection: [Errno 111] Connection refused'))
WARNING 2025-10-03 12:45:14,795 serializers 19435 137886257116864 Connection error for product 1: HTTPConnectionPool(host='localhost', port=8001): Max retries exceeded with url: /products/1/ (Caused by NewConnectionError('<urllib3.connection.HTTPConnection object at 0x7d68257cca10>: Failed to establish a new connection: [Errno 111] Connection refused'))
WARNING 2025-10-03 12:45:14,797 serializers 19435 137886257116864 Connection error for product 1: HTTPConnectionPool(host='localhost', port=8001): Max retries exceeded with url: /products/1/ (Caused by NewConnectionError('<urllib3.connection.HTTPConnection object at 0x7d68257ce270>: Failed to establish a new connection: [Errno 111] Connection refused'))
ERROR 2025-10-03 12:45:14,797 serializers 19435 137886257116864 No product data available for product 1, using minimal fallback
WARNING 2025-10-03 12:45:14,802 serializers 19435 137886257116864 Connection error for product 2: HTTPConnectionPool(host='localhost', port=8001): Max retries exceeded with url: /products/2/ (Caused by NewConnectionError('<urllib3.connection.HTTPConnection object at 0x7d68257ce270>: Failed to establish a new connection: [Errno 111] Connection refused'))
WARNING 2025-10-03 12:45:14,808 serializers 19435 137886257116864 Connection error for product 2: HTTPConnectionPool(host='localhost', port=8001): Max retries exceeded with url: /products/2/ (Caused by NewConnectionError('<urllib3.connection.HTTPConnection object at 0x7d68257cca10>: Failed to establish a new connection: [Errno 111] Connection refused'))
WARNING 2025-10-03 12:45:14,818 serializers 19435 137886257116864 Connection error for product 2: HTTPConnectionPool(host='localhost', port=8001): Max retries exceeded with url: /products/2/ (Caused by NewConnectionError('<urllib3.connection.HTTPConnection object at 0x7d68257ce6c0>: Failed to establish a new connection: [Errno 111] Connection refused'))
ERROR 2025-10-03 12:45:14,819 serializers 19435 137886257116864 No product data available for product 2, using minimal fallback
WARNING 2025-10-03 12:49:57,634 serializers 19435 137886257116864 Connection error for product 1: HTTPConnectionPool(host='localhost', port=8001): Max retries exceeded with url: /products/1/ (Caused by NewConnectionError('<urllib3.connection.HTTPConnection object at 0x7d68256b14c0>: Failed to establish a new connection: [Errno 111] Connection refused'))
WARNING 2025-10-03 12:49:57,637 serializers 19435 137886257116864 Connection error for product 1: HTTPConnectionPool(host='localhost', port=8001): Max retries exceeded with url: /products/1/ (Caused by NewConnectionError('<urllib3.connection.HTTPConnection object at 0x7d68256d84d0>: Failed to establish a new connection: [Errno 111] Connection refused'))
WARNING 2025-10-03 12:49:57,639 serializers 19435 137886257116864 Connection error for product 1: HTTPConnectionPool(host='localhost', port=8001): Max retries exceeded with url: /products/1/ (Caused by NewConnectionError('<urllib3.connection.HTTPConnection object at 0x7d68256dacc0>: Failed to establish a new connection: [Errno 111] Connection refused'))
ERROR 2025-10-03 12:49:57,639 serializers 19435 137886257116864 No product data available for product 1, using minimal fallback
WARNING 2025-10-03 12:49:57,642 serializers 19435 137886257116864 Connection error for product 2: HTTPConnectionPool(host='localhost', port=8001): Max retries exceeded with url: /products/2/ (Caused by NewConnectionError('<urllib3.connection.HTTPConnection object at 0x7d68256b3890>: Failed to establish a new connection: [Errno 111] Connection refused'))
WARNING 2025-10-03 12:49:57,643 serializers 19435 137886257116864 Connection error for product 2: HTTPConnectionPool(host='localhost', port=8001): Max retries exceeded with url: /products/2/ (Caused by NewConnectionError('<urllib3.connection.HTTPConnection object at 0x7d68256b3e60>: Failed to establish a new connection: [Errno 111] Connection refused'))
WARNING 2025-10-03 12:49:57,645 serializers 19435 137886257116864 Connection error for product 2: HTTPConnectionPool(host='localhost', port=8001): Max retries exceeded with url: /products/2/ (Caused by NewConnectionError('<urllib3.connection.HTTPConnection object at 0x7d68256db920>: Failed to establish a new connection: [Errno 111] Connection refused'))
ERROR 2025-10-03 12:49:57,645 serializers 19435 137886257116864 No product data available for product 2, using minimal fallback
WARNING 2025-10-03 13:09:38,625 serializers 20163 140340025620160 Connection error for product 1: HTTPConnectionPool(host='localhost', port=8001): Max retries exceeded with url: /products/1/ (Caused by NewConnectionError('<urllib3.connection.HTTPConnection object at 0x7fa375779f70>: Failed to establish a new connection: [Errno 111] Connection refused'))
WARNING 2025-10-03 13:09:38,627 serializers 20163 140340025620160 Connection error for product 1: HTTPConnectionPool(host='localhost', port=8001): Max retries exceeded with url: /products/1/ (Caused by NewConnectionError('<urllib3.connection.HTTPConnection object at 0x7fa37577a060>: Failed to establish a new connection: [Errno 111] Connection refused'))
WARNING 2025-10-03 13:09:38,629 serializers 20163 140340025620160 Connection error for product 1: HTTPConnectionPool(host='localhost', port=8001): Max retries exceeded with url: /products/1/ (Caused by NewConnectionError('<urllib3.connection.HTTPConnection object at 0x7fa37577ab70>: Failed to establish a new connection: [Errno 111] Connection refused'))
ERROR 2025-10-03 13:09:38,629 serializers 20163 140340025620160 No product data available for product 1, using minimal fallback
WARNING 2025-10-03 13:09:38,632 serializers 20163 140340025620160 Connection error for product 2: HTTPConnectionPool(host='localhost', port=8001): Max retries exceeded with url: /products/2/ (Caused by NewConnectionError('<urllib3.connection.HTTPConnection object at 0x7fa3756824e0>: Failed to establish a new connection: [Errno 111] Connection refused'))
WARNING 2025-10-03 13:09:38,634 serializers 20163 140340025620160 Connection error for product 2: HTTPConnectionPool(host='localhost', port=8001): Max retries exceeded with url: /products/2/ (Caused by NewConnectionError('<urllib3.connection.HTTPConnection object at 0x7fa37567a7e0>: Failed to establish a new connection: [Errno 111] Connection refused'))
WARNING 2025-10-03 13:09:38,636 serializers 20163 140340025620160 Connection error for product 2: HTTPConnectionPool(host='localhost', port=8001): Max retries exceeded with url: /products/2/ (Caused by NewConnectionError('<urllib3.connection.HTTPConnection object at 0x7fa3757acf50>: Failed to establish a new connection: [Errno 111] Connection refused'))
ERROR 2025-10-03 13:09:38,636 serializers 20163 140340025620160 No product data available for product 2, using minimal fallback
WARNING 2025-10-03 13:09:47,278 serializers 20163 140340025620160 Connection error for product 1: HTTPConnectionPool(host='localhost', port=8001): Max retries exceeded with url: /products/1/ (Caused by NewConnectionError('<urllib3.connection.HTTPConnection object at 0x7fa374d11c10>: Failed to establish a new connection: [Errno 111] Connection refused'))
WARNING 2025-10-03 13:09:47,280 serializers 20163 140340025620160 Connection error for product 1: HTTPConnectionPool(host='localhost', port=8001): Max retries exceeded with url: /products/1/ (Caused by NewConnectionError('<urllib3.connection.HTTPConnection object at 0x7fa374d13950>: Failed to establish a new connection: [Errno 111] Connection refused'))
WARNING 2025-10-03 13:09:47,281 serializers 20163 140340025620160 Connection error for product 1: HTTPConnectionPool(host='localhost', port=8001): Max retries exceeded with url: /products/1/ (Caused by NewConnectionError('<urllib3.connection.HTTPConnection object at 0x7fa374d13ef0>: Failed to establish a new connection: [Errno 111] Connection refused'))
ERROR 2025-10-03 13:09:47,282 serializers 20163 140340025620160 No product data available for product 1, using minimal fallback
WARNING 2025-10-03 13:09:47,297 serializers 20163 140340025620160 Connection error for product 2: HTTPConnectionPool(host='localhost', port=8001): Max retries exceeded with url: /products/2/ (Caused by NewConnectionError('<urllib3.connection.HTTPConnection object at 0x7fa374d11be0>: Failed to establish a new connection: [Errno 111] Connection refused'))
WARNING 2025-10-03 13:09:47,302 serializers 20163 140340025620160 Connection error for product 2: HTTPConnectionPool(host='localhost', port=8001): Max retries exceeded with url: /products/2/ (Caused by NewConnectionError('<urllib3.connection.HTTPConnection object at 0x7fa374d12450>: Failed to establish a new connection: [Errno 111] Connection refused'))
WARNING 2025-10-03 13:09:47,306 serializers 20163 140340025620160 Connection error for product 2: HTTPConnectionPool(host='localhost', port=8001): Max retries exceeded with url: /products/2/ (Caused by NewConnectionError('<urllib3.connection.HTTPConnection object at 0x7fa374d10350>: Failed to establish a new connection: [Errno 111] Connection refused'))
ERROR 2025-10-03 13:09:47,306 serializers 20163 140340025620160 No product data available for product 2, using minimal fallback
WARNING 2025-10-03 13:10:12,201 serializers 20163 140340025620160 Connection error for product 1: HTTPConnectionPool(host='localhost', port=8001): Max retries exceeded with url: /products/1/ (Caused by NewConnectionError('<urllib3.connection.HTTPConnection object at 0x7fa374d10290>: Failed to establish a new connection: [Errno 111] Connection refused'))
WARNING 2025-10-03 13:10:12,202 serializers 20163 140340025620160 Connection error for product 1: HTTPConnectionPool(host='localhost', port=8001): Max retries exceeded with url: /products/1/ (Caused by NewConnectionError('<urllib3.connection.HTTPConnection object at 0x7fa374d105f0>: Failed to establish a new connection: [Errno 111] Connection refused'))
WARNING 2025-10-03 13:10:12,204 serializers 20163 140340025620160 Connection error for product 1: HTTPConnectionPool(host='localhost', port=8001): Max retries exceeded with url: /products/1/ (Caused by NewConnectionError('<urllib3.connection.HTTPConnection object at 0x7fa374d13500>: Failed to establish a new connection: [Errno 111] Connection refused'))
ERROR 2025-10-03 13:10:12,204 serializers 20163 140340025620160 No product data available for product 1, using minimal fallback
WARNING 2025-10-03 13:10:12,206 serializers 20163 140340025620160 Connection error for product 2: HTTPConnectionPool(host='localhost', port=8001): Max retries exceeded with url: /products/2/ (Caused by NewConnectionError('<urllib3.connection.HTTPConnection object at 0x7fa3756b6120>: Failed to establish a new connection: [Errno 111] Connection refused'))
WARNING 2025-10-03 13:10:12,207 serializers 20163 140340025620160 Connection error for product 2: HTTPConnectionPool(host='localhost', port=8001): Max retries exceeded with url: /products/2/ (Caused by NewConnectionError('<urllib3.connection.HTTPConnection object at 0x7fa374d134a0>: Failed to establish a new connection: [Errno 111] Connection refused'))
WARNING 2025-10-03 13:10:12,209 serializers 20163 140340025620160 Connection error for product 2: HTTPConnectionPool(host='localhost', port=8001): Max retries exceeded with url: /products/2/ (Caused by NewConnectionError('<urllib3.connection.HTTPConnection object at 0x7fa374d11d30>: Failed to establish a new connection: [Errno 111] Connection refused'))
ERROR 2025-10-03 13:10:12,209 serializers 20163 140340025620160 No product data available for product 2, using minimal fallback
WARNING 2025-10-03 13:10:19,143 serializers 20163 140340025620160 Connection error for product 4: HTTPConnectionPool(host='localhost', port=8001): Max retries exceeded with url: /products/4/ (Caused by NewConnectionError('<urllib3.connection.HTTPConnection object at 0x7fa374d11d90>: Failed to establish a new connection: [Errno 111] Connection refused'))
WARNING 2025-10-03 13:10:19,145 serializers 20163 140340025620160 Connection error for product 4: HTTPConnectionPool(host='localhost', port=8001): Max retries exceeded with url: /products/4/ (Caused by NewConnectionError('<urllib3.connection.HTTPConnection object at 0x7fa374d12ae0>: Failed to establish a new connection: [Errno 111] Connection refused'))
WARNING 2025-10-03 13:10:19,146 serializers 20163 140340025620160 Connection error for product 4: HTTPConnectionPool(host='localhost', port=8001): Max retries exceeded with url: /products/4/ (Caused by NewConnectionError('<urllib3.connection.HTTPConnection object at 0x7fa374d12870>: Failed to establish a new connection: [Errno 111] Connection refused'))
ERROR 2025-10-03 13:10:19,146 serializers 20163 140340025620160 No product data available for product 4, using minimal fallback
WARNING 2025-10-03 13:10:19,149 serializers 20163 140340025620160 Connection error for product 222: HTTPConnectionPool(host='localhost', port=8001): Max retries exceeded with url: /products/222/ (Caused by NewConnectionError('<urllib3.connection.HTTPConnection object at 0x7fa374d103e0>: Failed to establish a new connection: [Errno 111] Connection refused'))
WARNING 2025-10-03 13:10:19,152 serializers 20163 140340025620160 Connection error for product 222: HTTPConnectionPool(host='localhost', port=8001): Max retries exceeded with url: /products/222/ (Caused by NewConnectionError('<urllib3.connection.HTTPConnection object at 0x7fa374d13b00>: Failed to establish a new connection: [Errno 111] Connection refused'))
WARNING 2025-10-03 13:10:19,153 serializers 20163 140340025620160 Connection error for product 222: HTTPConnectionPool(host='localhost', port=8001): Max retries exceeded with url: /products/222/ (Caused by NewConnectionError('<urllib3.connection.HTTPConnection object at 0x7fa374d11e20>: Failed to establish a new connection: [Errno 111] Connection refused'))
ERROR 2025-10-03 13:10:19,154 serializers 20163 140340025620160 No product data available for product 222, using minimal fallback
WARNING 2025-10-03 13:10:19,155 serializers 20163 140340025620160 Connection error for product 999: HTTPConnectionPool(host='localhost', port=8001): Max retries exceeded with url: /products/999/ (Caused by NewConnectionError('<urllib3.connection.HTTPConnection object at 0x7fa374d123c0>: Failed to establish a new connection: [Errno 111] Connection refused'))
WARNING 2025-10-03 13:10:19,156 serializers 20163 140340025620160 Connection error for product 999: HTTPConnectionPool(host='localhost', port=8001): Max retries exceeded with url: /products/999/ (Caused by NewConnectionError('<urllib3.connection.HTTPConnection object at 0x7fa375681220>: Failed to establish a new connection: [Errno 111] Connection refused'))
WARNING 2025-10-03 13:10:19,158 serializers 20163 140340025620160 Connection error for product 999: HTTPConnectionPool(host='localhost', port=8001): Max retries exceeded with url: /products/999/ (Caused by NewConnectionError('<urllib3.connection.HTTPConnection object at 0x7fa37577a060>: Failed to establish a new connection: [Errno 111] Connection refused'))
ERROR 2025-10-03 13:10:19,158 serializers 20163 140340025620160 No product data available for product 999, using minimal fallback
WARNING 2025-10-03 13:10:19,160 serializers 20163 140340025620160 Connection error for product 5: HTTPConnectionPool(host='localhost', port=8001): Max retries exceeded with url: /products/5/ (Caused by NewConnectionError('<urllib3.connection.HTTPConnection object at 0x7fa3757ae630>: Failed to establish a new connection: [Errno 111] Connection refused'))
WARNING 2025-10-03 13:10:19,161 serializers 20163 140340025620160 Connection error for product 5: HTTPConnectionPool(host='localhost', port=8001): Max retries exceeded with url: /products/5/ (Caused by NewConnectionError('<urllib3.connection.HTTPConnection object at 0x7fa375679670>: Failed to establish a new connection: [Errno 111] Connection refused'))
WARNING 2025-10-03 13:10:19,163 serializers 20163 140340025620160 Connection error for product 5: HTTPConnectionPool(host='localhost', port=8001): Max retries exceeded with url: /products/5/ (Caused by NewConnectionError('<urllib3.connection.HTTPConnection object at 0x7fa374d107a0>: Failed to establish a new connection: [Errno 111] Connection refused'))
ERROR 2025-10-03 13:10:19,163 serializers 20163 140340025620160 No product data available for product 5, using minimal fallback
WARNING 2025-10-03 13:15:12,511 serializers 20163 140340025620160 Connection error for product 1: HTTPConnectionPool(host='localhost', port=8001): Max retries exceeded with url: /products/1/ (Caused by NewConnectionError('<urllib3.connection.HTTPConnection object at 0x7fa37567b6b0>: Failed to establish a new connection: [Errno 111] Connection refused'))
WARNING 2025-10-03 13:15:12,545 serializers 20163 140340025620160 Connection error for product 1: HTTPConnectionPool(host='localhost', port=8001): Max retries exceeded with url: /products/1/ (Caused by NewConnectionError('<urllib3.connection.HTTPConnection object at 0x7fa374d11e20>: Failed to establish a new connection: [Errno 111] Connection refused'))
WARNING 2025-10-03 13:15:12,546 serializers 20163 140340025620160 Connection error for product 1: HTTPConnectionPool(host='localhost', port=8001): Max retries exceeded with url: /products/1/ (Caused by NewConnectionError('<urllib3.connection.HTTPConnection object at 0x7fa374d13a70>: Failed to establish a new connection: [Errno 111] Connection refused'))
ERROR 2025-10-03 13:15:12,547 serializers 20163 140340025620160 No product data available for product 1, using minimal fallback
WARNING 2025-10-03 13:15:12,551 serializers 20163 140340025620160 Connection error for product 2: HTTPConnectionPool(host='localhost', port=8001): Max retries exceeded with url: /products/2/ (Caused by NewConnectionError('<urllib3.connection.HTTPConnection object at 0x7fa374d12570>: Failed to establish a new connection: [Errno 111] Connection refused'))
WARNING 2025-10-03 13:15:12,555 serializers 20163 140340025620160 Connection error for product 2: HTTPConnectionPool(host='localhost', port=8001): Max retries exceeded with url: /products/2/ (Caused by NewConnectionError('<urllib3.connection.HTTPConnection object at 0x7fa375633b60>: Failed to establish a new connection: [Errno 111] Connection refused'))
WARNING 2025-10-03 13:15:12,557 serializers 20163 140340025620160 Connection error for product 2: HTTPConnectionPool(host='localhost', port=8001): Max retries exceeded with url: /products/2/ (Caused by NewConnectionError('<urllib3.connection.HTTPConnection object at 0x7fa374d10e60>: Failed to establish a new connection: [Errno 111] Connection refused'))
ERROR 2025-10-03 13:15:12,557 serializers 20163 140340025620160 No product data available for product 2, using minimal fallback
WARNING 2025-10-03 13:15:24,625 serializers 20163 140340025620160 Connection error for product 1: HTTPConnectionPool(host='localhost', port=8001): Max retries exceeded with url: /products/1/ (Caused by NewConnectionError('<urllib3.connection.HTTPConnection object at 0x7fa374d13c50>: Failed to establish a new connection: [Errno 111] Connection refused'))
WARNING 2025-10-03 13:15:24,630 serializers 20163 140340025620160 Connection error for product 1: HTTPConnectionPool(host='localhost', port=8001): Max retries exceeded with url: /products/1/ (Caused by NewConnectionError('<urllib3.connection.HTTPConnection object at 0x7fa374d10b60>: Failed to establish a new connection: [Errno 111] Connection refused'))
WARNING 2025-10-03 13:15:24,636 serializers 20163 140340025620160 Connection error for product 1: HTTPConnectionPool(host='localhost', port=8001): Max retries exceeded with url: /products/1/ (Caused by NewConnectionError('<urllib3.connection.HTTPConnection object at 0x7fa374d10170>: Failed to establish a new connection: [Errno 111] Connection refused'))
ERROR 2025-10-03 13:15:24,636 serializers 20163 140340025620160 No product data available for product 1, using minimal fallback
WARNING 2025-10-03 13:15:24,638 serializers 20163 140340025620160 Connection error for product 2: HTTPConnectionPool(host='localhost', port=8001): Max retries exceeded with url: /products/2/ (Caused by NewConnectionError('<urllib3.connection.HTTPConnection object at 0x7fa374d10d70>: Failed to establish a new connection: [Errno 111] Connection refused'))
WARNING 2025-10-03 13:15:24,641 serializers 20163 140340025620160 Connection error for product 2: HTTPConnectionPool(host='localhost', port=8001): Max retries exceeded with url: /products/2/ (Caused by NewConnectionError('<urllib3.connection.HTTPConnection object at 0x7fa374d13e30>: Failed to establish a new connection: [Errno 111] Connection refused'))
WARNING 2025-10-03 13:15:24,648 serializers 20163 140340025620160 Connection error for product 2: HTTPConnectionPool(host='localhost', port=8001): Max retries exceeded with url: /products/2/ (Caused by NewConnectionError('<urllib3.connection.HTTPConnection object at 0x7fa374d116d0>: Failed to establish a new connection: [Errno 111] Connection refused'))
ERROR 2025-10-03 13:15:24,650 serializers 20163 140340025620160 No product data available for product 2, using minimal fallback
WARNING 2025-10-03 13:15:25,383 serializers 20163 140340025620160 Connection error for product 1: HTTPConnectionPool(host='localhost', port=8001): Max retries exceeded with url: /products/1/ (Caused by NewConnectionError('<urllib3.connection.HTTPConnection object at 0x7fa374d12000>: Failed to establish a new connection: [Errno 111] Connection refused'))
WARNING 2025-10-03 13:15:25,385 serializers 20163 140340025620160 Connection error for product 1: HTTPConnectionPool(host='localhost', port=8001): Max retries exceeded with url: /products/1/ (Caused by NewConnectionError('<urllib3.connection.HTTPConnection object at 0x7fa374d10800>: Failed to establish a new connection: [Errno 111] Connection refused'))
WARNING 2025-10-03 13:15:25,386 serializers 20163 140340025620160 Connection error for product 1: HTTPConnectionPool(host='localhost', port=8001): Max retries exceeded with url: /products/1/ (Caused by NewConnectionError('<urllib3.connection.HTTPConnection object at 0x7fa374d138f0>: Failed to establish a new connection: [Errno 111] Connection refused'))
ERROR 2025-10-03 13:15:25,386 serializers 20163 140340025620160 No product data available for product 1, using minimal fallback
WARNING 2025-10-03 13:15:25,388 serializers 20163 140340025620160 Connection error for product 2: HTTPConnectionPool(host='localhost', port=8001): Max retries exceeded with url: /products/2/ (Caused by NewConnectionError('<urllib3.connection.HTTPConnection object at 0x7fa3756c5b50>: Failed to establish a new connection: [Errno 111] Connection refused'))
WARNING 2025-10-03 13:15:25,390 serializers 20163 140340025620160 Connection error for product 2: HTTPConnectionPool(host='localhost', port=8001): Max retries exceeded with url: /products/2/ (Caused by NewConnectionError('<urllib3.connection.HTTPConnection object at 0x7fa3756322d0>: Failed to establish a new connection: [Errno 111] Connection refused'))
WARNING 2025-10-03 13:15:25,393 serializers 20163 140340025620160 Connection error for product 2: HTTPConnectionPool(host='localhost', port=8001): Max retries exceeded with url: /products/2/ (Caused by NewConnectionError('<urllib3.connection.HTTPConnection object at 0x7fa3756b7ec0>: Failed to establish a new connection: [Errno 111] Connection refused'))
ERROR 2025-10-03 13:15:25,394 serializers 20163 140340025620160 No product data available for product 2, using minimal fallback
WARNING 2025-10-03 13:15:26,106 serializers 20163 140340025620160 Connection error for product 1: HTTPConnectionPool(host='localhost', port=8001): Max retries exceeded with url: /products/1/ (Caused by NewConnectionError('<urllib3.connection.HTTPConnection object at 0x7fa3756b76e0>: Failed to establish a new connection: [Errno 111] Connection refused'))
WARNING 2025-10-03 13:15:26,111 serializers 20163 140340025620160 Connection error for product 1: HTTPConnectionPool(host='localhost', port=8001): Max retries exceeded with url: /products/1/ (Caused by NewConnectionError('<urllib3.connection.HTTPConnection object at 0x7fa375633d70>: Failed to establish a new connection: [Errno 111] Connection refused'))
WARNING 2025-10-03 13:15:26,115 serializers 20163 140340025620160 Connection error for product 1: HTTPConnectionPool(host='localhost', port=8001): Max retries exceeded with url: /products/1/ (Caused by NewConnectionError('<urllib3.connection.HTTPConnection object at 0x7fa37577a540>: Failed to establish a new connection: [Errno 111] Connection refused'))
ERROR 2025-10-03 13:15:26,116 serializers 20163 140340025620160 No product data available for product 1, using minimal fallback
WARNING 2025-10-03 13:15:26,118 serializers 20163 140340025620160 Connection error for product 2: HTTPConnectionPool(host='localhost', port=8001): Max retries exceeded with url: /products/2/ (Caused by NewConnectionError('<urllib3.connection.HTTPConnection object at 0x7fa374d10620>: Failed to establish a new connection: [Errno 111] Connection refused'))
WARNING 2025-10-03 13:15:26,119 serializers 20163 140340025620160 Connection error for product 2: HTTPConnectionPool(host='localhost', port=8001): Max retries exceeded with url: /products/2/ (Caused by NewConnectionError('<urllib3.connection.HTTPConnection object at 0x7fa374d11e50>: Failed to establish a new connection: [Errno 111] Connection refused'))
WARNING 2025-10-03 13:15:26,121 serializers 20163 140340025620160 Connection error for product 2: HTTPConnectionPool(host='localhost', port=8001): Max retries exceeded with url: /products/2/ (Caused by NewConnectionError('<urllib3.connection.HTTPConnection object at 0x7fa374d10a40>: Failed to establish a new connection: [Errno 111] Connection refused'))
ERROR 2025-10-03 13:15:26,121 serializers 20163 140340025620160 No product data available for product 2, using minimal fallback
WARNING 2025-10-03 13:15:27,294 serializers 20163 140340025620160 Connection error for product 1: HTTPConnectionPool(host='localhost', port=8001): Max retries exceeded with url: /products/1/ (Caused by NewConnectionError('<urllib3.connection.HTTPConnection object at 0x7fa3756c7500>: Failed to establish a new connection: [Errno 111] Connection refused'))
WARNING 2025-10-03 13:15:27,296 serializers 20163 140340025620160 Connection error for product 1: HTTPConnectionPool(host='localhost', port=8001): Max retries exceeded with url: /products/1/ (Caused by NewConnectionError('<urllib3.connection.HTTPConnection object at 0x7fa3756c4e30>: Failed to establish a new connection: [Errno 111] Connection refused'))
WARNING 2025-10-03 13:15:27,297 serializers 20163 140340025620160 Connection error for product 1: HTTPConnectionPool(host='localhost', port=8001): Max retries exceeded with url: /products/1/ (Caused by NewConnectionError('<urllib3.connection.HTTPConnection object at 0x7fa375688e00>: Failed to establish a new connection: [Errno 111] Connection refused'))
ERROR 2025-10-03 13:15:27,297 serializers 20163 140340025620160 No product data available for product 1, using minimal fallback
WARNING 2025-10-03 13:15:27,299 serializers 20163 140340025620160 Connection error for product 2: HTTPConnectionPool(host='localhost', port=8001): Max retries exceeded with url: /products/2/ (Caused by NewConnectionError('<urllib3.connection.HTTPConnection object at 0x7fa374d11d90>: Failed to establish a new connection: [Errno 111] Connection refused'))
WARNING 2025-10-03 13:15:27,300 serializers 20163 140340025620160 Connection error for product 2: HTTPConnectionPool(host='localhost', port=8001): Max retries exceeded with url: /products/2/ (Caused by NewConnectionError('<urllib3.connection.HTTPConnection object at 0x7fa375633ad0>: Failed to establish a new connection: [Errno 111] Connection refused'))
WARNING 2025-10-03 13:15:27,301 serializers 20163 140340025620160 Connection error for product 2: HTTPConnectionPool(host='localhost', port=8001): Max retries exceeded with url: /products/2/ (Caused by NewConnectionError('<urllib3.connection.HTTPConnection object at 0x7fa3756c7470>: Failed to establish a new connection: [Errno 111] Connection refused'))
ERROR 2025-10-03 13:15:27,301 serializers 20163 140340025620160 No product data available for product 2, using minimal fallback
WARNING 2025-10-03 13:15:43,329 serializers 20163 140340025620160 Connection error for product 4: HTTPConnectionPool(host='localhost', port=8001): Max retries exceeded with url: /products/4/ (Caused by NewConnectionError('<urllib3.connection.HTTPConnection object at 0x7fa3756c5730>: Failed to establish a new connection: [Errno 111] Connection refused'))
WARNING 2025-10-03 13:15:43,330 serializers 20163 140340025620160 Connection error for product 4: HTTPConnectionPool(host='localhost', port=8001): Max retries exceeded with url: /products/4/ (Caused by NewConnectionError('<urllib3.connection.HTTPConnection object at 0x7fa3756c7fe0>: Failed to establish a new connection: [Errno 111] Connection refused'))
WARNING 2025-10-03 13:15:43,332 serializers 20163 140340025620160 Connection error for product 4: HTTPConnectionPool(host='localhost', port=8001): Max retries exceeded with url: /products/4/ (Caused by NewConnectionError('<urllib3.connection.HTTPConnection object at 0x7fa3756c4650>: Failed to establish a new connection: [Errno 111] Connection refused'))
ERROR 2025-10-03 13:15:43,333 serializers 20163 140340025620160 No product data available for product 4, using minimal fallback
WARNING 2025-10-03 13:15:43,335 serializers 20163 140340025620160 Connection error for product 222: HTTPConnectionPool(host='localhost', port=8001): Max retries exceeded with url: /products/222/ (Caused by NewConnectionError('<urllib3.connection.HTTPConnection object at 0x7fa3756c4d10>: Failed to establish a new connection: [Errno 111] Connection refused'))
WARNING 2025-10-03 13:15:43,338 serializers 20163 140340025620160 Connection error for product 222: HTTPConnectionPool(host='localhost', port=8001): Max retries exceeded with url: /products/222/ (Caused by NewConnectionError('<urllib3.connection.HTTPConnection object at 0x7fa3756c5190>: Failed to establish a new connection: [Errno 111] Connection refused'))
WARNING 2025-10-03 13:15:43,341 serializers 20163 140340025620160 Connection error for product 222: HTTPConnectionPool(host='localhost', port=8001): Max retries exceeded with url: /products/222/ (Caused by NewConnectionError('<urllib3.connection.HTTPConnection object at 0x7fa3756c5b80>: Failed to establish a new connection: [Errno 111] Connection refused'))
ERROR 2025-10-03 13:15:43,341 serializers 20163 140340025620160 No product data available for product 222, using minimal fallback
WARNING 2025-10-03 13:15:43,342 serializers 20163 140340025620160 Connection error for product 999: HTTPConnectionPool(host='localhost', port=8001): Max retries exceeded with url: /products/999/ (Caused by NewConnectionError('<urllib3.connection.HTTPConnection object at 0x7fa3756c6390>: Failed to establish a new connection: [Errno 111] Connection refused'))
WARNING 2025-10-03 13:15:43,344 serializers 20163 140340025620160 Connection error for product 999: HTTPConnectionPool(host='localhost', port=8001): Max retries exceeded with url: /products/999/ (Caused by NewConnectionError('<urllib3.connection.HTTPConnection object at 0x7fa3756c7c20>: Failed to establish a new connection: [Errno 111] Connection refused'))
WARNING 2025-10-03 13:15:43,345 serializers 20163 140340025620160 Connection error for product 999: HTTPConnectionPool(host='localhost', port=8001): Max retries exceeded with url: /products/999/ (Caused by NewConnectionError('<urllib3.connection.HTTPConnection object at 0x7fa3756c5e50>: Failed to establish a new connection: [Errno 111] Connection refused'))
ERROR 2025-10-03 13:15:43,345 serializers 20163 140340025620160 No product data available for product 999, using minimal fallback
WARNING 2025-10-03 13:15:43,347 serializers 20163 140340025620160 Connection error for product 5: HTTPConnectionPool(host='localhost', port=8001): Max retries exceeded with url: /products/5/ (Caused by NewConnectionError('<urllib3.connection.HTTPConnection object at 0x7fa3756c4740>: Failed to establish a new connection: [Errno 111] Connection refused'))
WARNING 2025-10-03 13:15:43,348 serializers 20163 140340025620160 Connection error for product 5: HTTPConnectionPool(host='localhost', port=8001): Max retries exceeded with url: /products/5/ (Caused by NewConnectionError('<urllib3.connection.HTTPConnection object at 0x7fa3756c4b90>: Failed to establish a new connection: [Errno 111] Connection refused'))
WARNING 2025-10-03 13:15:43,349 serializers 20163 140340025620160 Connection error for product 5: HTTPConnectionPool(host='localhost', port=8001): Max retries exceeded with url: /products/5/ (Caused by NewConnectionError('<urllib3.connection.HTTPConnection object at 0x7fa3756c5f10>: Failed to establish a new connection: [Errno 111] Connection refused'))
ERROR 2025-10-03 13:15:43,350 serializers 20163 140340025620160 No product data available for product 5, using minimal fallback
WARNING 2025-10-03 13:15:43,351 serializers 20163 140340025620160 Connection error for product 44444: HTTPConnectionPool(host='localhost', port=8001): Max retries exceeded with url: /products/44444/ (Caused by NewConnectionError('<urllib3.connection.HTTPConnection object at 0x7fa3756c6ae0>: Failed to establish a new connection: [Errno 111] Connection refused'))
WARNING 2025-10-03 13:15:43,354 serializers 20163 140340025620160 Connection error for product 44444: HTTPConnectionPool(host='localhost', port=8001): Max retries exceeded with url: /products/44444/ (Caused by NewConnectionError('<urllib3.connection.HTTPConnection object at 0x7fa3756c5820>: Failed to establish a new connection: [Errno 111] Connection refused'))
WARNING 2025-10-03 13:15:43,357 serializers 20163 140340025620160 Connection error for product 44444: HTTPConnectionPool(host='localhost', port=8001): Max retries exceeded with url: /products/44444/ (Caused by NewConnectionError('<urllib3.connection.HTTPConnection object at 0x7fa374d13e30>: Failed to establish a new connection: [Errno 111] Connection refused'))
ERROR 2025-10-03 13:15:43,358 serializers 20163 140340025620160 No product data available for product 44444, using minimal fallback
ERROR 2025-10-03 13:27:33,283 serializers 21080 134733111490240 Missing required field 'id' in product data
ERROR 2025-10-03 13:27:33,291 serializers 21080 134733111490240 Invalid product data structure for product 1
ERROR 2025-10-03 13:27:33,292 serializers 21080 134733111490240 No product data available for product 1, using minimal fallback
ERROR 2025-10-03 13:27:33,301 serializers 21080 134733111490240 Missing required field 'id' in product data
ERROR 2025-10-03 13:27:33,301 serializers 21080 134733111490240 Invalid product data structure for product 2
ERROR 2025-10-03 13:27:33,301 serializers 21080 134733111490240 No product data available for product 2, using minimal fallback
WARNING 2025-10-04 10:09:33,281 serializers 8341 131042963861632 Product 999 not found (404)
ERROR 2025-10-04 10:09:35,005 serializers 8341 131042963861632 Missing required field 'id' in product data
ERROR 2025-10-04 10:09:35,005 serializers 8341 131042963861632 Invalid product data structure for product 1
ERROR 2025-10-04 10:09:36,666 serializers 8341 131042963861632 Missing required field 'id' in product data
ERROR 2025-10-04 10:09:36,666 serializers 8341 131042963861632 Invalid product data structure for product 1
ERROR 2025-10-04 10:09:43,321 serializers 8341 131042963861632 Missing required field 'id' in product data
ERROR 2025-10-04 10:09:43,322 serializers 8341 131042963861632 Invalid product data structure for product 1
ERROR 2025-10-04 10:09:49,913 serializers 8341 131042963861632 Missing required field 'id' in product data
ERROR 2025-10-04 10:09:49,913 serializers 8341 131042963861632 Invalid product data structure for product 1
WARNING 2025-10-04 10:35:12,142 serializers 9340 132334972260480 Product 999 not found (404)
ERROR 2025-10-04 10:35:13,813 serializers 9340 132334972260480 Missing required field 'id' in product data
ERROR 2025-10-04 10:35:13,813 serializers 9340 132334972260480 Invalid product data structure for product 1
ERROR 2025-10-04 10:35:15,446 serializers 9340 132334972260480 Missing required field 'id' in product data
ERROR 2025-10-04 10:35:15,446 serializers 9340 132334972260480 Invalid product data structure for product 1
ERROR 2025-10-04 10:35:21,981 serializers 9340 132334972260480 Missing required field 'id' in product data
ERROR 2025-10-04 10:35:21,981 serializers 9340 132334972260480 Invalid product data structure for product 1
ERROR 2025-10-04 10:35:28,449 serializers 9340 132334972260480 Missing required field 'id' in product data
ERROR 2025-10-04 10:35:28,449 serializers 9340 132334972260480 Invalid product data structure for product 1
WARNING 2025-10-04 11:15:21,877 serializers 11011 128403301687424 Product 999 not found (404)
ERROR 2025-10-04 11:15:23,610 serializers 11011 128403301687424 Missing required field 'id' in product data
ERROR 2025-10-04 11:15:23,610 serializers 11011 128403301687424 Invalid product data structure for product 1
ERROR 2025-10-04 11:15:25,319 serializers 11011 128403301687424 Missing required field 'id' in product data
ERROR 2025-10-04 11:15:25,319 serializers 11011 128403301687424 Invalid product data structure for product 1
ERROR 2025-10-04 11:15:32,351 serializers 11011 128403301687424 Missing required field 'id' in product data
ERROR 2025-10-04 11:15:32,351 serializers 11011 128403301687424 Invalid product data structure for product 1
ERROR 2025-10-04 11:15:39,725 serializers 11011 128403301687424 Missing required field 'id' in product data
ERROR 2025-10-04 11:15:39,725 serializers 11011 128403301687424 Invalid product data structure for product 1
WARNING 2025-10-04 11:16:46,862 serializers 11060 135732236042368 Product 999 not found (404)
ERROR 2025-10-04 11:16:48,545 serializers 11060 135732236042368 Missing required field 'id' in product data
ERROR 2025-10-04 11:16:48,545 serializers 11060 135732236042368 Invalid product data structure for product 1
ERROR 2025-10-04 11:16:50,215 serializers 11060 135732236042368 Missing required field 'id' in product data
ERROR 2025-10-04 11:16:50,215 serializers 11060 135732236042368 Invalid product data structure for product 1
ERROR 2025-10-04 11:16:56,900 serializers 11060 135732236042368 Missing required field 'id' in product data
ERROR 2025-10-04 11:16:56,900 serializers 11060 135732236042368 Invalid product data structure for product 1
ERROR 2025-10-04 11:17:03,526 serializers 11060 135732236042368 Missing required field 'id' in product data
ERROR 2025-10-04 11:17:03,526 serializers 11060 135732236042368 Invalid product data structure for product 1
WARNING 2025-10-04 11:17:39,288 serializers 11089 129406933172352 Product 999 not found (404)
ERROR 2025-10-04 11:17:40,997 serializers 11089 129406933172352 Missing required field 'id' in product data
ERROR 2025-10-04 11:17:40,997 serializers 11089 129406933172352 Invalid product data structure for product 1
ERROR 2025-10-04 11:17:42,665 serializers 11089 129406933172352 Missing required field 'id' in product data
ERROR 2025-10-04 11:17:42,665 serializers 11089 129406933172352 Invalid product data structure for product 1
ERROR 2025-10-04 11:17:49,283 serializers 11089 129406933172352 Missing required field 'id' in product data
ERROR 2025-10-04 11:17:49,284 serializers 11089 129406933172352 Invalid product data structure for product 1
ERROR 2025-10-04 11:17:55,889 serializers 11089 129406933172352 Missing required field 'id' in product data
ERROR 2025-10-04 11:17:55,890 serializers 11089 129406933172352 Invalid product data structure for product 1
WARNING 2025-10-04 11:22:21,588 serializers 11209 136567375212672 Product 999 not found (404)
ERROR 2025-10-04 11:22:23,262 serializers 11209 136567375212672 Missing required field 'id' in product data
ERROR 2025-10-04 11:22:23,262 serializers 11209 136567375212672 Invalid product data structure for product 1
ERROR 2025-10-04 11:22:24,935 serializers 11209 136567375212672 Missing required field 'id' in product data
ERROR 2025-10-04 11:22:24,935 serializers 11209 136567375212672 Invalid product data structure for product 1
ERROR 2025-10-04 11:22:31,564 serializers 11209 136567375212672 Missing required field 'id' in product data
ERROR 2025-10-04 11:22:31,564 serializers 11209 136567375212672 Invalid product data structure for product 1
ERROR 2025-10-04 11:22:38,220 serializers 11209 136567375212672 Missing required field 'id' in product data
ERROR 2025-10-04 11:22:38,221 serializers 11209 136567375212672 Invalid product data structure for product 1
WARNING 2025-10-04 11:23:51,706 serializers 11255 127549317988480 Product 999 not found (404)
ERROR 2025-10-04 11:23:53,378 serializers 11255 127549317988480 Missing required field 'id' in product data
ERROR 2025-10-04 11:23:53,378 serializers 11255 127549317988480 Invalid product data structure for product 1
ERROR 2025-10-04 11:23:55,047 serializers 11255 127549317988480 Missing required field 'id' in product data
ERROR 2025-10-04 11:23:55,048 serializers 11255 127549317988480 Invalid product data structure for product 1
ERROR 2025-10-04 11:24:01,725 serializers 11255 127549317988480 Missing required field 'id' in product data
ERROR 2025-10-04 11:24:01,725 serializers 11255 127549317988480 Invalid product data structure for product 1
ERROR 2025-10-04 11:24:08,381 serializers 11255 127549317988480 Missing required field 'id' in product data
ERROR 2025-10-04 11:24:08,381 serializers 11255 127549317988480 Invalid product data structure for product 1
WARNING 2025-10-04 11:26:09,824 serializers 11318 131701081297024 Product 999 not found (404)
ERROR 2025-10-04 11:26:11,502 serializers 11318 131701081297024 Missing required field 'id' in product data
ERROR 2025-10-04 11:26:11,503 serializers 11318 131701081297024 Invalid product data structure for product 1
ERROR 2025-10-04 11:26:13,186 serializers 11318 131701081297024 Missing required field 'id' in product data
ERROR 2025-10-04 11:26:13,187 serializers 11318 131701081297024 Invalid product data structure for product 1
ERROR 2025-10-04 11:26:19,824 serializers 11318 131701081297024 Missing required field 'id' in product data
ERROR 2025-10-04 11:26:19,824 serializers 11318 131701081297024 Invalid product data structure for product 1
ERROR 2025-10-04 11:26:26,548 serializers 11318 131701081297024 Missing required field 'id' in product data
ERROR 2025-10-04 11:26:26,548 serializers 11318 131701081297024 Invalid product data structure for product 1
WARNING 2025-10-04 11:27:02,585 serializers 11344 140309071511680 Connection error for product 999: HTTPConnectionPool(host='localhost', port=8001): Max retries exceeded with url: /products/999/ (Caused by NewConnectionError('<urllib3.connection.HTTPConnection object at 0x7f9c3c9b6f90>: Failed to establish a new connection: [Errno 111] Connection refused'))
WARNING 2025-10-04 11:27:02,587 serializers 11344 140309071511680 Connection error for product 999: HTTPConnectionPool(host='localhost', port=8001): Max retries exceeded with url: /products/999/ (Caused by NewConnectionError('<urllib3.connection.HTTPConnection object at 0x7f9c3c9b77d0>: Failed to establish a new connection: [Errno 111] Connection refused'))
WARNING 2025-10-04 11:27:02,589 serializers 11344 140309071511680 Connection error for product 999: HTTPConnectionPool(host='localhost', port=8001): Max retries exceeded with url: /products/999/ (Caused by NewConnectionError('<urllib3.connection.HTTPConnection object at 0x7f9c3c9b7f80>: Failed to establish a new connection: [Errno 111] Connection refused'))
WARNING 2025-10-04 11:27:04,254 serializers 11344 140309071511680 Connection error for product 1: HTTPConnectionPool(host='localhost', port=8001): Max retries exceeded with url: /products/1/ (Caused by NewConnectionError('<urllib3.connection.HTTPConnection object at 0x7f9c3c7d4ef0>: Failed to establish a new connection: [Errno 111] Connection refused'))
WARNING 2025-10-04 11:27:04,256 serializers 11344 140309071511680 Connection error for product 1: HTTPConnectionPool(host='localhost', port=8001): Max retries exceeded with url: /products/1/ (Caused by NewConnectionError('<urllib3.connection.HTTPConnection object at 0x7f9c3c7d5610>: Failed to establish a new connection: [Errno 111] Connection refused'))
WARNING 2025-10-04 11:27:04,257 serializers 11344 140309071511680 Connection error for product 1: HTTPConnectionPool(host='localhost', port=8001): Max retries exceeded with url: /products/1/ (Caused by NewConnectionError('<urllib3.connection.HTTPConnection object at 0x7f9c3c7d5370>: Failed to establish a new connection: [Errno 111] Connection refused'))
WARNING 2025-10-04 11:27:05,921 serializers 11344 140309071511680 Connection error for product 1: HTTPConnectionPool(host='localhost', port=8001): Max retries exceeded with url: /products/1/ (Caused by NewConnectionError('<urllib3.connection.HTTPConnection object at 0x7f9c3c7d6b10>: Failed to establish a new connection: [Errno 111] Connection refused'))
WARNING 2025-10-04 11:27:05,922 serializers 11344 140309071511680 Connection error for product 1: HTTPConnectionPool(host='localhost', port=8001): Max retries exceeded with url: /products/1/ (Caused by NewConnectionError('<urllib3.connection.HTTPConnection object at 0x7f9c3c7d7320>: Failed to establish a new connection: [Errno 111] Connection refused'))
WARNING 2025-10-04 11:27:05,925 serializers 11344 140309071511680 Connection error for product 1: HTTPConnectionPool(host='localhost', port=8001): Max retries exceeded with url: /products/1/ (Caused by NewConnectionError('<urllib3.connection.HTTPConnection object at 0x7f9c3c7d7bf0>: Failed to establish a new connection: [Errno 111] Connection refused'))
WARNING 2025-10-04 11:27:12,536 serializers 11344 140309071511680 Connection error for product 1: HTTPConnectionPool(host='localhost', port=8001): Max retries exceeded with url: /products/1/ (Caused by NewConnectionError('<urllib3.connection.HTTPConnection object at 0x7f9c3c7d4230>: Failed to establish a new connection: [Errno 111] Connection refused'))
WARNING 2025-10-04 11:27:12,537 serializers 11344 140309071511680 Connection error for product 1: HTTPConnectionPool(host='localhost', port=8001): Max retries exceeded with url: /products/1/ (Caused by NewConnectionError('<urllib3.connection.HTTPConnection object at 0x7f9c3c7d6e10>: Failed to establish a new connection: [Errno 111] Connection refused'))
WARNING 2025-10-04 11:27:12,538 serializers 11344 140309071511680 Connection error for product 1: HTTPConnectionPool(host='localhost', port=8001): Max retries exceeded with url: /products/1/ (Caused by NewConnectionError('<urllib3.connection.HTTPConnection object at 0x7f9c3c7d7830>: Failed to establish a new connection: [Errno 111] Connection refused'))
WARNING 2025-10-04 11:27:19,134 serializers 11344 140309071511680 Connection error for product 1: HTTPConnectionPool(host='localhost', port=8001): Max retries exceeded with url: /products/1/ (Caused by NewConnectionError('<urllib3.connection.HTTPConnection object at 0x7f9c3c7d1b50>: Failed to establish a new connection: [Errno 111] Connection refused'))
WARNING 2025-10-04 11:27:19,135 serializers 11344 140309071511680 Connection error for product 1: HTTPConnectionPool(host='localhost', port=8001): Max retries exceeded with url: /products/1/ (Caused by NewConnectionError('<urllib3.connection.HTTPConnection object at 0x7f9c3c7d4380>: Failed to establish a new connection: [Errno 111] Connection refused'))
WARNING 2025-10-04 11:27:19,137 serializers 11344 140309071511680 Connection error for product 1: HTTPConnectionPool(host='localhost', port=8001): Max retries exceeded with url: /products/1/ (Caused by NewConnectionError('<urllib3.connection.HTTPConnection object at 0x7f9c3c7d7530>: Failed to establish a new connection: [Errno 111] Connection refused'))
WARNING 2025-10-04 14:03:07,616 serializers 17795 131565467316352 Product 999 not found (404)
ERROR 2025-10-04 14:03:09,365 serializers 17795 131565467316352 Missing required field 'id' in product data
ERROR 2025-10-04 14:03:09,365 serializers 17795 131565467316352 Invalid product data structure for product 1
ERROR 2025-10-04 14:03:11,091 serializers 17795 131565467316352 Missing required field 'id' in product data
ERROR 2025-10-04 14:03:11,091 serializers 17795 131565467316352 Invalid product data structure for product 1
ERROR 2025-10-04 14:03:17,758 serializers 17795 131565467316352 Missing required field 'id' in product data
ERROR 2025-10-04 14:03:17,758 serializers 17795 131565467316352 Invalid product data structure for product 1
ERROR 2025-10-04 14:03:24,695 serializers 17795 131565467316352 Missing required field 'id' in product data
ERROR 2025-10-04 14:03:24,696 serializers 17795 131565467316352 Invalid product data structure for product 1
WARNING 2025-10-04 14:04:02,085 serializers 11315 127249583949504 Product 444 not found (404)
ERROR 2025-10-04 14:07:02,586 serializers 11315 127249583949504 Missing required field 'id' in product data
ERROR 2025-10-04 14:07:02,586 serializers 11315 127249583949504 Invalid product data structure for product 1
INFO 2025-10-04 14:17:41,655 serializers 11315 127249583949504 Product 1 fetched successfully from service
INFO 2025-10-04 14:20:02,996 serializers 18433 128822024337088 Product 4 fetched successfully from service
WARNING 2025-10-04 14:20:50,491 serializers 18433 128822024337088 Product 44444 not found (404)
WARNING 2025-10-04 14:25:27,216 serializers 18580 132397454587584 Product 4444 not found (404)
WARNING 2025-10-04 14:25:50,240 serializers 18603 123401220912832 Product 4444 not found (404)
WARNING 2025-10-04 14:27:18,369 serializers 18639 137698329228992 Product 44444 not found (404)
WARNING 2025-10-04 14:27:30,003 serializers 18639 137698329228992 Product -2 not found (404)
WARNING 2025-10-04 14:28:28,259 serializers 18639 137698329228992 Connection error for product 444: HTTPConnectionPool(host='localhost', port=8001): Max retries exceeded with url: /products/444/ (Caused by NewConnectionError('<urllib3.connection.HTTPConnection object at 0x7d3c68877c20>: Failed to establish a new connection: [Errno 111] Connection refused'))
WARNING 2025-10-04 14:28:28,261 serializers 18639 137698329228992 Connection error for product 444: HTTPConnectionPool(host='localhost', port=8001): Max retries exceeded with url: /products/444/ (Caused by NewConnectionError('<urllib3.connection.HTTPConnection object at 0x7d3c68876930>: Failed to establish a new connection: [Errno 111] Connection refused'))
WARNING 2025-10-04 14:28:28,262 serializers 18639 137698329228992 Connection error for product 444: HTTPConnectionPool(host='localhost', port=8001): Max retries exceeded with url: /products/444/ (Caused by NewConnectionError('<urllib3.connection.HTTPConnection object at 0x7d3c68877590>: Failed to establish a new connection: [Errno 111] Connection refused'))
WARNING 2025-10-04 14:28:54,048 serializers 18639 137698329228992 Connection error for product 444: HTTPConnectionPool(host='localhost', port=8001): Max retries exceeded with url: /products/444/ (Caused by NewConnectionError('<urllib3.connection.HTTPConnection object at 0x7d3c68877080>: Failed to establish a new connection: [Errno 111] Connection refused'))
WARNING 2025-10-04 14:28:54,049 serializers 18639 137698329228992 Connection error for product 444: HTTPConnectionPool(host='localhost', port=8001): Max retries exceeded with url: /products/444/ (Caused by NewConnectionError('<urllib3.connection.HTTPConnection object at 0x7d3c68877ce0>: Failed to establish a new connection: [Errno 111] Connection refused'))
WARNING 2025-10-04 14:28:54,051 serializers 18639 137698329228992 Connection error for product 444: HTTPConnectionPool(host='localhost', port=8001): Max retries exceeded with url: /products/444/ (Caused by NewConnectionError('<urllib3.connection.HTTPConnection object at 0x7d3c68875fd0>: Failed to establish a new connection: [Errno 111] Connection refused'))
WARNING 2025-10-04 14:28:58,695 serializers 18639 137698329228992 Connection error for product 5555: HTTPConnectionPool(host='localhost', port=8001): Max retries exceeded with url: /products/5555/ (Caused by NewConnectionError('<urllib3.connection.HTTPConnection object at 0x7d3c68876a80>: Failed to establish a new connection: [Errno 111] Connection refused'))
WARNING 2025-10-04 14:28:58,697 serializers 18639 137698329228992 Connection error for product 5555: HTTPConnectionPool(host='localhost', port=8001): Max retries exceeded with url: /products/5555/ (Caused by NewConnectionError('<urllib3.connection.HTTPConnection object at 0x7d3c688af230>: Failed to establish a new connection: [Errno 111] Connection refused'))
WARNING 2025-10-04 14:28:58,699 serializers 18639 137698329228992 Connection error for product 5555: HTTPConnectionPool(host='localhost', port=8001): Max retries exceeded with url: /products/5555/ (Caused by NewConnectionError('<urllib3.connection.HTTPConnection object at 0x7d3c688affe0>: Failed to establish a new connection: [Errno 111] Connection refused'))
WARNING 2025-10-04 14:29:11,356 serializers 18639 137698329228992 Connection error for product 1: HTTPConnectionPool(host='localhost', port=8001): Max retries exceeded with url: /products/1/ (Caused by NewConnectionError('<urllib3.connection.HTTPConnection object at 0x7d3c688add00>: Failed to establish a new connection: [Errno 111] Connection refused'))
WARNING 2025-10-04 14:29:11,358 serializers 18639 137698329228992 Connection error for product 1: HTTPConnectionPool(host='localhost', port=8001): Max retries exceeded with url: /products/1/ (Caused by NewConnectionError('<urllib3.connection.HTTPConnection object at 0x7d3c688ad040>: Failed to establish a new connection: [Errno 111] Connection refused'))
WARNING 2025-10-04 14:29:11,360 serializers 18639 137698329228992 Connection error for product 1: HTTPConnectionPool(host='localhost', port=8001): Max retries exceeded with url: /products/1/ (Caused by NewConnectionError('<urllib3.connection.HTTPConnection object at 0x7d3c697d3320>: Failed to establish a new connection: [Errno 111] Connection refused'))
WARNING 2025-10-04 14:42:52,866 serializers 19055 124043098322624 Connection error for product 4: HTTPConnectionPool(host='localhost', port=8001): Max retries exceeded with url: /products/4/ (Caused by NewConnectionError('<urllib3.connection.HTTPConnection object at 0x70d108d328d0>: Failed to establish a new connection: [Errno 111] Connection refused'))
WARNING 2025-10-04 14:42:52,868 serializers 19055 124043098322624 Connection error for product 4: HTTPConnectionPool(host='localhost', port=8001): Max retries exceeded with url: /products/4/ (Caused by NewConnectionError('<urllib3.connection.HTTPConnection object at 0x70d108d32f30>: Failed to establish a new connection: [Errno 111] Connection refused'))
WARNING 2025-10-04 14:42:52,869 serializers 19055 124043098322624 Connection error for product 4: HTTPConnectionPool(host='localhost', port=8001): Max retries exceeded with url: /products/4/ (Caused by NewConnectionError('<urllib3.connection.HTTPConnection object at 0x70d108d33650>: Failed to establish a new connection: [Errno 111] Connection refused'))
WARNING 2025-10-04 14:43:33,499 serializers 19096 128134895329408 Connection error for product 999: HTTPConnectionPool(host='localhost', port=8001): Max retries exceeded with url: /products/999/ (Caused by NewConnectionError('<urllib3.connection.HTTPConnection object at 0x7489b71db170>: Failed to establish a new connection: [Errno 111] Connection refused'))
WARNING 2025-10-04 14:43:33,500 serializers 19096 128134895329408 Connection error for product 999: HTTPConnectionPool(host='localhost', port=8001): Max retries exceeded with url: /products/999/ (Caused by NewConnectionError('<urllib3.connection.HTTPConnection object at 0x7489b71db890>: Failed to establish a new connection: [Errno 111] Connection refused'))
WARNING 2025-10-04 14:43:33,502 serializers 19096 128134895329408 Connection error for product 999: HTTPConnectionPool(host='localhost', port=8001): Max retries exceeded with url: /products/999/ (Caused by NewConnectionError('<urllib3.connection.HTTPConnection object at 0x7489b71f8080>: Failed to establish a new connection: [Errno 111] Connection refused'))
WARNING 2025-10-04 14:43:35,168 serializers 19096 128134895329408 Connection error for product 1: HTTPConnectionPool(host='localhost', port=8001): Max retries exceeded with url: /products/1/ (Caused by NewConnectionError('<urllib3.connection.HTTPConnection object at 0x7489b71f8e30>: Failed to establish a new connection: [Errno 111] Connection refused'))
WARNING 2025-10-04 14:43:35,170 serializers 19096 128134895329408 Connection error for product 1: HTTPConnectionPool(host='localhost', port=8001): Max retries exceeded with url: /products/1/ (Caused by NewConnectionError('<urllib3.connection.HTTPConnection object at 0x7489b71f9550>: Failed to establish a new connection: [Errno 111] Connection refused'))
WARNING 2025-10-04 14:43:35,171 serializers 19096 128134895329408 Connection error for product 1: HTTPConnectionPool(host='localhost', port=8001): Max retries exceeded with url: /products/1/ (Caused by NewConnectionError('<urllib3.connection.HTTPConnection object at 0x7489b71f9d00>: Failed to establish a new connection: [Errno 111] Connection refused'))
WARNING 2025-10-04 14:43:36,824 serializers 19096 128134895329408 Connection error for product 1: HTTPConnectionPool(host='localhost', port=8001): Max retries exceeded with url: /products/1/ (Caused by NewConnectionError('<urllib3.connection.HTTPConnection object at 0x7489b71fa900>: Failed to establish a new connection: [Errno 111] Connection refused'))
WARNING 2025-10-04 14:43:36,826 serializers 19096 128134895329408 Connection error for product 1: HTTPConnectionPool(host='localhost', port=8001): Max retries exceeded with url: /products/1/ (Caused by NewConnectionError('<urllib3.connection.HTTPConnection object at 0x7489b71fb110>: Failed to establish a new connection: [Errno 111] Connection refused'))
WARNING 2025-10-04 14:43:36,827 serializers 19096 128134895329408 Connection error for product 1: HTTPConnectionPool(host='localhost', port=8001): Max retries exceeded with url: /products/1/ (Caused by NewConnectionError('<urllib3.connection.HTTPConnection object at 0x7489b71fb9e0>: Failed to establish a new connection: [Errno 111] Connection refused'))
WARNING 2025-10-04 14:43:43,387 serializers 19096 128134895329408 Connection error for product 1: HTTPConnectionPool(host='localhost', port=8001): Max retries exceeded with url: /products/1/ (Caused by NewConnectionError('<urllib3.connection.HTTPConnection object at 0x7489b71db140>: Failed to establish a new connection: [Errno 111] Connection refused'))
WARNING 2025-10-04 14:43:43,388 serializers 19096 128134895329408 Connection error for product 1: HTTPConnectionPool(host='localhost', port=8001): Max retries exceeded with url: /products/1/ (Caused by NewConnectionError('<urllib3.connection.HTTPConnection object at 0x7489b71fa180>: Failed to establish a new connection: [Errno 111] Connection refused'))
WARNING 2025-10-04 14:43:43,389 serializers 19096 128134895329408 Connection error for product 1: HTTPConnectionPool(host='localhost', port=8001): Max retries exceeded with url: /products/1/ (Caused by NewConnectionError('<urllib3.connection.HTTPConnection object at 0x7489b71fb1a0>: Failed to establish a new connection: [Errno 111] Connection refused'))
WARNING 2025-10-04 14:43:49,994 serializers 19096 128134895329408 Connection error for product 1: HTTPConnectionPool(host='localhost', port=8001): Max retries exceeded with url: /products/1/ (Caused by NewConnectionError('<urllib3.connection.HTTPConnection object at 0x7489b7000cb0>: Failed to establish a new connection: [Errno 111] Connection refused'))
WARNING 2025-10-04 14:43:49,995 serializers 19096 128134895329408 Connection error for product 1: HTTPConnectionPool(host='localhost', port=8001): Max retries exceeded with url: /products/1/ (Caused by NewConnectionError('<urllib3.connection.HTTPConnection object at 0x7489b7001580>: Failed to establish a new connection: [Errno 111] Connection refused'))
WARNING 2025-10-04 14:43:49,997 serializers 19096 128134895329408 Connection error for product 1: HTTPConnectionPool(host='localhost', port=8001): Max retries exceeded with url: /products/1/ (Caused by NewConnectionError('<urllib3.connection.HTTPConnection object at 0x7489b7001eb0>: Failed to establish a new connection: [Errno 111] Connection refused'))
WARNING 2025-10-04 14:54:54,791 serializers 19434 127844646183040 Connection error for product 999: HTTPConnectionPool(host='localhost', port=8001): Max retries exceeded with url: /products/999/ (Caused by NewConnectionError('<urllib3.connection.HTTPConnection object at 0x744622f73050>: Failed to establish a new connection: [Errno 111] Connection refused'))
WARNING 2025-10-04 14:54:54,792 serializers 19434 127844646183040 Connection error for product 999: HTTPConnectionPool(host='localhost', port=8001): Max retries exceeded with url: /products/999/ (Caused by NewConnectionError('<urllib3.connection.HTTPConnection object at 0x744622f73830>: Failed to establish a new connection: [Errno 111] Connection refused'))
WARNING 2025-10-04 14:54:54,794 serializers 19434 127844646183040 Connection error for product 999: HTTPConnectionPool(host='localhost', port=8001): Max retries exceeded with url: /products/999/ (Caused by NewConnectionError('<urllib3.connection.HTTPConnection object at 0x744622d98050>: Failed to establish a new connection: [Errno 111] Connection refused'))
WARNING 2025-10-04 14:54:56,499 serializers 19434 127844646183040 Connection error for product 1: HTTPConnectionPool(host='localhost', port=8001): Max retries exceeded with url: /products/1/ (Caused by NewConnectionError('<urllib3.connection.HTTPConnection object at 0x744622d9a450>: Failed to establish a new connection: [Errno 111] Connection refused'))
WARNING 2025-10-04 14:54:56,501 serializers 19434 127844646183040 Connection error for product 1: HTTPConnectionPool(host='localhost', port=8001): Max retries exceeded with url: /products/1/ (Caused by NewConnectionError('<urllib3.connection.HTTPConnection object at 0x744622d9a480>: Failed to establish a new connection: [Errno 111] Connection refused'))
WARNING 2025-10-04 14:54:56,502 serializers 19434 127844646183040 Connection error for product 1: HTTPConnectionPool(host='localhost', port=8001): Max retries exceeded with url: /products/1/ (Caused by NewConnectionError('<urllib3.connection.HTTPConnection object at 0x744622d9aae0>: Failed to establish a new connection: [Errno 111] Connection refused'))
WARNING 2025-10-04 14:54:58,313 serializers 19434 127844646183040 Connection error for product 1: HTTPConnectionPool(host='localhost', port=8001): Max retries exceeded with url: /products/1/ (Caused by NewConnectionError('<urllib3.connection.HTTPConnection object at 0x744622e285c0>: Failed to establish a new connection: [Errno 111] Connection refused'))
WARNING 2025-10-04 14:54:58,316 serializers 19434 127844646183040 Connection error for product 1: HTTPConnectionPool(host='localhost', port=8001): Max retries exceeded with url: /products/1/ (Caused by NewConnectionError('<urllib3.connection.HTTPConnection object at 0x744622d9a960>: Failed to establish a new connection: [Errno 111] Connection refused'))
WARNING 2025-10-04 14:54:58,318 serializers 19434 127844646183040 Connection error for product 1: HTTPConnectionPool(host='localhost', port=8001): Max retries exceeded with url: /products/1/ (Caused by NewConnectionError('<urllib3.connection.HTTPConnection object at 0x744622d9a720>: Failed to establish a new connection: [Errno 111] Connection refused'))
WARNING 2025-10-04 14:55:04,961 serializers 19434 127844646183040 Connection error for product 1: HTTPConnectionPool(host='localhost', port=8001): Max retries exceeded with url: /products/1/ (Caused by NewConnectionError('<urllib3.connection.HTTPConnection object at 0x744622d99880>: Failed to establish a new connection: [Errno 111] Connection refused'))
WARNING 2025-10-04 14:55:04,963 serializers 19434 127844646183040 Connection error for product 1: HTTPConnectionPool(host='localhost', port=8001): Max retries exceeded with url: /products/1/ (Caused by NewConnectionError('<urllib3.connection.HTTPConnection object at 0x744622e28a10>: Failed to establish a new connection: [Errno 111] Connection refused'))
WARNING 2025-10-04 14:55:04,964 serializers 19434 127844646183040 Connection error for product 1: HTTPConnectionPool(host='localhost', port=8001): Max retries exceeded with url: /products/1/ (Caused by NewConnectionError('<urllib3.connection.HTTPConnection object at 0x744622e29550>: Failed to establish a new connection: [Errno 111] Connection refused'))
WARNING 2025-10-04 14:55:05,476 serializers 19430 135135841220288 Connection error for product 4444: HTTPConnectionPool(host='localhost', port=8001): Max retries exceeded with url: /products/4444/ (Caused by NewConnectionError('<urllib3.connection.HTTPConnection object at 0x7ae7c3d25fd0>: Failed to establish a new connection: [Errno 111] Connection refused'))
WARNING 2025-10-04 14:55:05,478 serializers 19430 135135841220288 Connection error for product 4444: HTTPConnectionPool(host='localhost', port=8001): Max retries exceeded with url: /products/4444/ (Caused by NewConnectionError('<urllib3.connection.HTTPConnection object at 0x7ae7c3d26de0>: Failed to establish a new connection: [Errno 111] Connection refused'))
WARNING 2025-10-04 14:55:05,480 serializers 19430 135135841220288 Connection error for product 4444: HTTPConnectionPool(host='localhost', port=8001): Max retries exceeded with url: /products/4444/ (Caused by NewConnectionError('<urllib3.connection.HTTPConnection object at 0x7ae7c3d27500>: Failed to establish a new connection: [Errno 111] Connection refused'))
WARNING 2025-10-04 14:55:12,160 serializers 19434 127844646183040 Connection error for product 1: HTTPConnectionPool(host='localhost', port=8001): Max retries exceeded with url: /products/1/ (Caused by NewConnectionError('<urllib3.connection.HTTPConnection object at 0x744622d9a390>: Failed to establish a new connection: [Errno 111] Connection refused'))
WARNING 2025-10-04 14:55:12,166 serializers 19434 127844646183040 Connection error for product 1: HTTPConnectionPool(host='localhost', port=8001): Max retries exceeded with url: /products/1/ (Caused by NewConnectionError('<urllib3.connection.HTTPConnection object at 0x744622e29b80>: Failed to establish a new connection: [Errno 111] Connection refused'))
WARNING 2025-10-04 14:55:12,175 serializers 19434 127844646183040 Connection error for product 1: HTTPConnectionPool(host='localhost', port=8001): Max retries exceeded with url: /products/1/ (Caused by NewConnectionError('<urllib3.connection.HTTPConnection object at 0x744622e2af00>: Failed to establish a new connection: [Errno 111] Connection refused'))
WARNING 2025-10-04 14:59:34,415 serializers 19545 138351526016704 Connection error for product 444: HTTPConnectionPool(host='localhost', port=8001): Max retries exceeded with url: /products/444/ (Caused by NewConnectionError('<urllib3.connection.HTTPConnection object at 0x7dd4799a63f0>: Failed to establish a new connection: [Errno 111] Connection refused'))
WARNING 2025-10-04 14:59:34,417 serializers 19545 138351526016704 Connection error for product 444: HTTPConnectionPool(host='localhost', port=8001): Max retries exceeded with url: /products/444/ (Caused by NewConnectionError('<urllib3.connection.HTTPConnection object at 0x7dd479aa2b70>: Failed to establish a new connection: [Errno 111] Connection refused'))
WARNING 2025-10-04 14:59:34,421 serializers 19545 138351526016704 Connection error for product 444: HTTPConnectionPool(host='localhost', port=8001): Max retries exceeded with url: /products/444/ (Caused by NewConnectionError('<urllib3.connection.HTTPConnection object at 0x7dd479a6a030>: Failed to establish a new connection: [Errno 111] Connection refused'))
ERROR 2025-10-04 14:59:34,423 serializers 19545 138351526016704 No product data available for product 444, using minimal fallback
WARNING 2025-10-04 15:01:09,420 serializers 19545 138351526016704 Product 44 not found (404)
ERROR 2025-10-04 15:01:09,420 serializers 19545 138351526016704 No product data available for product 44, using minimal fallback
INFO 2025-10-04 15:01:16,249 serializers 19545 138351526016704 Product 1 fetched successfully from service
INFO 2025-10-04 15:07:41,362 serializers 19738 137477876610752 Product 4 fetched successfully from service
INFO 2025-10-04 15:10:04,418 serializers 19787 129255530821312 Product 4 fetched successfully from service
WARNING 2025-10-04 15:27:41,514 serializers 20231 130042506956928 Product 999 not found (404)
ERROR 2025-10-04 15:27:41,526 serializers 20231 130042506956928 No product data available for product 999, using minimal fallback
INFO 2025-10-04 15:27:43,230 serializers 20231 130042506956928 Product 1 fetched successfully from service
WARNING 2025-10-04 15:42:13,380 serializers 20814 138460984768192 Product 44 not found (404)
ERROR 2025-10-04 15:42:13,402 serializers 20814 138460984768192 No product data available for product 44, using minimal fallback
WARNING 2025-10-04 15:43:56,026 serializers 20866 129174618502848 Product 44 not found (404)
ERROR 2025-10-04 15:43:56,026 serializers 20866 129174618502848 No product data available for product 44, using minimal fallback
INFO 2025-10-04 15:43:58,949 serializers 20866 129174618502848 Product 1 fetched successfully from service
WARNING 2025-10-04 15:44:48,123 serializers 20866 129174618502848 Connection error for product 2: HTTPConnectionPool(host='localhost', port=8001): Max retries exceeded with url: /products/2/ (Caused by NewConnectionError('<urllib3.connection.HTTPConnection object at 0x757bd413d760>: Failed to establish a new connection: [Errno 111] Connection refused'))
WARNING 2025-10-04 15:44:48,126 serializers 20866 129174618502848 Connection error for product 2: HTTPConnectionPool(host='localhost', port=8001): Max retries exceeded with url: /products/2/ (Caused by NewConnectionError('<urllib3.connection.HTTPConnection object at 0x757bd413e960>: Failed to establish a new connection: [Errno 111] Connection refused'))
WARNING 2025-10-04 15:44:48,130 serializers 20866 129174618502848 Connection error for product 2: HTTPConnectionPool(host='localhost', port=8001): Max retries exceeded with url: /products/2/ (Caused by NewConnectionError('<urllib3.connection.HTTPConnection object at 0x757bd413fb60>: Failed to establish a new connection: [Errno 111] Connection refused'))
ERROR 2025-10-04 15:44:48,142 serializers 20866 129174618502848 No product data available for product 2, using minimal fallback
WARNING 2025-10-04 15:46:12,927 serializers 20928 124965075547840 Connection error for product 1: HTTPConnectionPool(host='localhost', port=8001): Max retries exceeded with url: /products/1/ (Caused by NewConnectionError('<urllib3.connection.HTTPConnection object at 0x71a7b2f7d040>: Failed to establish a new connection: [Errno 111] Connection refused'))
WARNING 2025-10-04 15:46:12,929 serializers 20928 124965075547840 Connection error for product 1: HTTPConnectionPool(host='localhost', port=8001): Max retries exceeded with url: /products/1/ (Caused by NewConnectionError('<urllib3.connection.HTTPConnection object at 0x71a7b2f7e1b0>: Failed to establish a new connection: [Errno 111] Connection refused'))
WARNING 2025-10-04 15:46:12,931 serializers 20928 124965075547840 Connection error for product 1: HTTPConnectionPool(host='localhost', port=8001): Max retries exceeded with url: /products/1/ (Caused by NewConnectionError('<urllib3.connection.HTTPConnection object at 0x71a7b2f7e900>: Failed to establish a new connection: [Errno 111] Connection refused'))
ERROR 2025-10-04 15:46:12,931 serializers 20928 124965075547840 No product data available for product 1, using minimal fallback
WARNING 2025-10-04 15:46:17,802 serializers 20928 124965075547840 Connection error for product 2: HTTPConnectionPool(host='localhost', port=8001): Max retries exceeded with url: /products/2/ (Caused by NewConnectionError('<urllib3.connection.HTTPConnection object at 0x71a7b260b860>: Failed to establish a new connection: [Errno 111] Connection refused'))
WARNING 2025-10-04 15:46:17,804 serializers 20928 124965075547840 Connection error for product 2: HTTPConnectionPool(host='localhost', port=8001): Max retries exceeded with url: /products/2/ (Caused by NewConnectionError('<urllib3.connection.HTTPConnection object at 0x71a7b260a840>: Failed to establish a new connection: [Errno 111] Connection refused'))
WARNING 2025-10-04 15:46:17,805 serializers 20928 124965075547840 Connection error for product 2: HTTPConnectionPool(host='localhost', port=8001): Max retries exceeded with url: /products/2/ (Caused by NewConnectionError('<urllib3.connection.HTTPConnection object at 0x71a7b2fe3230>: Failed to establish a new connection: [Errno 111] Connection refused'))
ERROR 2025-10-04 15:46:17,805 serializers 20928 124965075547840 No product data available for product 2, using minimal fallback
WARNING 2025-10-04 15:49:21,577 serializers 21006 134886937589440 Connection error for product 4: HTTPConnectionPool(host='localhost', port=8001): Max retries exceeded with url: /products/4/ (Caused by NewConnectionError('<urllib3.connection.HTTPConnection object at 0x7aadd4670fe0>: Failed to establish a new connection: [Errno 111] Connection refused'))
WARNING 2025-10-04 15:49:21,595 serializers 21006 134886937589440 Connection error for product 4: HTTPConnectionPool(host='localhost', port=8001): Max retries exceeded with url: /products/4/ (Caused by NewConnectionError('<urllib3.connection.HTTPConnection object at 0x7aadd4670a10>: Failed to establish a new connection: [Errno 111] Connection refused'))
WARNING 2025-10-04 15:49:21,598 serializers 21006 134886937589440 Connection error for product 4: HTTPConnectionPool(host='localhost', port=8001): Max retries exceeded with url: /products/4/ (Caused by NewConnectionError('<urllib3.connection.HTTPConnection object at 0x7aadd4629310>: Failed to establish a new connection: [Errno 111] Connection refused'))
ERROR 2025-10-04 15:49:21,598 serializers 21006 134886937589440 No product data available for product 4, using minimal fallback
WARNING 2025-10-04 15:49:45,348 serializers 21006 134886937589440 Product 555 not found (404)
ERROR 2025-10-04 15:49:45,348 serializers 21006 134886937589440 No product data available for product 555, using minimal fallback
WARNING 2025-10-04 18:45:54,026 serializers 7539 128495374827648 Connection error for product 999: HTTPConnectionPool(host='localhost', port=8001): Max retries exceeded with url: /products/999/ (Caused by NewConnectionError('<urllib3.connection.HTTPConnection object at 0x74dda55db200>: Failed to establish a new connection: [Errno 111] Connection refused'))
WARNING 2025-10-04 18:45:54,055 serializers 7539 128495374827648 Connection error for product 999: HTTPConnectionPool(host='localhost', port=8001): Max retries exceeded with url: /products/999/ (Caused by NewConnectionError('<urllib3.connection.HTTPConnection object at 0x74dda55dba40>: Failed to establish a new connection: [Errno 111] Connection refused'))
WARNING 2025-10-04 18:45:54,056 serializers 7539 128495374827648 Connection error for product 999: HTTPConnectionPool(host='localhost', port=8001): Max retries exceeded with url: /products/999/ (Caused by NewConnectionError('<urllib3.connection.HTTPConnection object at 0x74dda55fc230>: Failed to establish a new connection: [Errno 111] Connection refused'))
ERROR 2025-10-04 18:45:54,057 serializers 7539 128495374827648 No product data available for product 999, using minimal fallback
WARNING 2025-10-04 18:45:55,721 serializers 7539 128495374827648 Connection error for product 1: HTTPConnectionPool(host='localhost', port=8001): Max retries exceeded with url: /products/1/ (Caused by NewConnectionError('<urllib3.connection.HTTPConnection object at 0x74dda55fcf50>: Failed to establish a new connection: [Errno 111] Connection refused'))
WARNING 2025-10-04 18:45:55,722 serializers 7539 128495374827648 Connection error for product 1: HTTPConnectionPool(host='localhost', port=8001): Max retries exceeded with url: /products/1/ (Caused by NewConnectionError('<urllib3.connection.HTTPConnection object at 0x74dda55fd6a0>: Failed to establish a new connection: [Errno 111] Connection refused'))
WARNING 2025-10-04 18:45:55,724 serializers 7539 128495374827648 Connection error for product 1: HTTPConnectionPool(host='localhost', port=8001): Max retries exceeded with url: /products/1/ (Caused by NewConnectionError('<urllib3.connection.HTTPConnection object at 0x74dda55fde50>: Failed to establish a new connection: [Errno 111] Connection refused'))
ERROR 2025-10-04 18:45:55,724 serializers 7539 128495374827648 No product data available for product 1, using minimal fallback
WARNING 2025-10-04 18:45:57,353 serializers 7539 128495374827648 Connection error for product 1: HTTPConnectionPool(host='localhost', port=8001): Max retries exceeded with url: /products/1/ (Caused by NewConnectionError('<urllib3.connection.HTTPConnection object at 0x74dda55fe9f0>: Failed to establish a new connection: [Errno 111] Connection refused'))
WARNING 2025-10-04 18:45:57,355 serializers 7539 128495374827648 Connection error for product 1: HTTPConnectionPool(host='localhost', port=8001): Max retries exceeded with url: /products/1/ (Caused by NewConnectionError('<urllib3.connection.HTTPConnection object at 0x74dda55ff200>: Failed to establish a new connection: [Errno 111] Connection refused'))
WARNING 2025-10-04 18:45:57,356 serializers 7539 128495374827648 Connection error for product 1: HTTPConnectionPool(host='localhost', port=8001): Max retries exceeded with url: /products/1/ (Caused by NewConnectionError('<urllib3.connection.HTTPConnection object at 0x74dda55ffaa0>: Failed to establish a new connection: [Errno 111] Connection refused'))
ERROR 2025-10-04 18:45:57,356 serializers 7539 128495374827648 No product data available for product 1, using minimal fallback
WARNING 2025-10-04 18:46:03,987 serializers 7539 128495374827648 Connection error for product 1: HTTPConnectionPool(host='localhost', port=8001): Max retries exceeded with url: /products/1/ (Caused by NewConnectionError('<urllib3.connection.HTTPConnection object at 0x74dda55db440>: Failed to establish a new connection: [Errno 111] Connection refused'))
WARNING 2025-10-04 18:46:03,988 serializers 7539 128495374827648 Connection error for product 1: HTTPConnectionPool(host='localhost', port=8001): Max retries exceeded with url: /products/1/ (Caused by NewConnectionError('<urllib3.connection.HTTPConnection object at 0x74dda55fdfd0>: Failed to establish a new connection: [Errno 111] Connection refused'))
WARNING 2025-10-04 18:46:03,990 serializers 7539 128495374827648 Connection error for product 1: HTTPConnectionPool(host='localhost', port=8001): Max retries exceeded with url: /products/1/ (Caused by NewConnectionError('<urllib3.connection.HTTPConnection object at 0x74dda55fede0>: Failed to establish a new connection: [Errno 111] Connection refused'))
ERROR 2025-10-04 18:46:03,990 serializers 7539 128495374827648 No product data available for product 1, using minimal fallback
WARNING 2025-10-04 18:46:11,064 serializers 7539 128495374827648 Connection error for product 1: HTTPConnectionPool(host='localhost', port=8001): Max retries exceeded with url: /products/1/ (Caused by NewConnectionError('<urllib3.connection.HTTPConnection object at 0x74dda5400e00>: Failed to establish a new connection: [Errno 111] Connection refused'))
WARNING 2025-10-04 18:46:11,065 serializers 7539 128495374827648 Connection error for product 1: HTTPConnectionPool(host='localhost', port=8001): Max retries exceeded with url: /products/1/ (Caused by NewConnectionError('<urllib3.connection.HTTPConnection object at 0x74dda54016d0>: Failed to establish a new connection: [Errno 111] Connection refused'))
WARNING 2025-10-04 18:46:11,067 serializers 7539 128495374827648 Connection error for product 1: HTTPConnectionPool(host='localhost', port=8001): Max retries exceeded with url: /products/1/ (Caused by NewConnectionError('<urllib3.connection.HTTPConnection object at 0x74dda5402000>: Failed to establish a new connection: [Errno 111] Connection refused'))
ERROR 2025-10-04 18:46:11,067 serializers 7539 128495374827648 No product data available for product 1, using minimal fallback
WARNING 2025-10-04 18:50:11,074 serializers 7643 137507700781184 Connection error for product 999: HTTPConnectionPool(host='localhost', port=8001): Max retries exceeded with url: /products/999/ (Caused by NewConnectionError('<urllib3.connection.HTTPConnection object at 0x7d0ffddd70e0>: Failed to establish a new connection: [Errno 111] Connection refused'))
WARNING 2025-10-04 18:50:11,076 serializers 7643 137507700781184 Connection error for product 999: HTTPConnectionPool(host='localhost', port=8001): Max retries exceeded with url: /products/999/ (Caused by NewConnectionError('<urllib3.connection.HTTPConnection object at 0x7d0ffddd78c0>: Failed to establish a new connection: [Errno 111] Connection refused'))
WARNING 2025-10-04 18:50:11,077 serializers 7643 137507700781184 Connection error for product 999: HTTPConnectionPool(host='localhost', port=8001): Max retries exceeded with url: /products/999/ (Caused by NewConnectionError('<urllib3.connection.HTTPConnection object at 0x7d0ffddf80b0>: Failed to establish a new connection: [Errno 111] Connection refused'))
ERROR 2025-10-04 18:50:11,078 serializers 7643 137507700781184 No product data available for product 999, using minimal fallback
WARNING 2025-10-04 18:50:12,693 serializers 7643 137507700781184 Connection error for product 1: HTTPConnectionPool(host='localhost', port=8001): Max retries exceeded with url: /products/1/ (Caused by NewConnectionError('<urllib3.connection.HTTPConnection object at 0x7d0ffddf8e60>: Failed to establish a new connection: [Errno 111] Connection refused'))
WARNING 2025-10-04 18:50:12,695 serializers 7643 137507700781184 Connection error for product 1: HTTPConnectionPool(host='localhost', port=8001): Max retries exceeded with url: /products/1/ (Caused by NewConnectionError('<urllib3.connection.HTTPConnection object at 0x7d0ffddf9580>: Failed to establish a new connection: [Errno 111] Connection refused'))
WARNING 2025-10-04 18:50:12,697 serializers 7643 137507700781184 Connection error for product 1: HTTPConnectionPool(host='localhost', port=8001): Max retries exceeded with url: /products/1/ (Caused by NewConnectionError('<urllib3.connection.HTTPConnection object at 0x7d0ffddf9d30>: Failed to establish a new connection: [Errno 111] Connection refused'))
ERROR 2025-10-04 18:50:12,697 serializers 7643 137507700781184 No product data available for product 1, using minimal fallback
WARNING 2025-10-04 18:50:14,310 serializers 7643 137507700781184 Connection error for product 1: HTTPConnectionPool(host='localhost', port=8001): Max retries exceeded with url: /products/1/ (Caused by NewConnectionError('<urllib3.connection.HTTPConnection object at 0x7d0ffddfa930>: Failed to establish a new connection: [Errno 111] Connection refused'))
WARNING 2025-10-04 18:50:14,311 serializers 7643 137507700781184 Connection error for product 1: HTTPConnectionPool(host='localhost', port=8001): Max retries exceeded with url: /products/1/ (Caused by NewConnectionError('<urllib3.connection.HTTPConnection object at 0x7d0ffddfb140>: Failed to establish a new connection: [Errno 111] Connection refused'))
WARNING 2025-10-04 18:50:14,313 serializers 7643 137507700781184 Connection error for product 1: HTTPConnectionPool(host='localhost', port=8001): Max retries exceeded with url: /products/1/ (Caused by NewConnectionError('<urllib3.connection.HTTPConnection object at 0x7d0ffddfba10>: Failed to establish a new connection: [Errno 111] Connection refused'))
ERROR 2025-10-04 18:50:14,313 serializers 7643 137507700781184 No product data available for product 1, using minimal fallback
WARNING 2025-10-04 18:50:20,760 serializers 7643 137507700781184 Connection error for product 1: HTTPConnectionPool(host='localhost', port=8001): Max retries exceeded with url: /products/1/ (Caused by NewConnectionError('<urllib3.connection.HTTPConnection object at 0x7d0ffddd7b30>: Failed to establish a new connection: [Errno 111] Connection refused'))
WARNING 2025-10-04 18:50:20,761 serializers 7643 137507700781184 Connection error for product 1: HTTPConnectionPool(host='localhost', port=8001): Max retries exceeded with url: /products/1/ (Caused by NewConnectionError('<urllib3.connection.HTTPConnection object at 0x7d0ffddf9f70>: Failed to establish a new connection: [Errno 111] Connection refused'))
WARNING 2025-10-04 18:50:20,762 serializers 7643 137507700781184 Connection error for product 1: HTTPConnectionPool(host='localhost', port=8001): Max retries exceeded with url: /products/1/ (Caused by NewConnectionError('<urllib3.connection.HTTPConnection object at 0x7d0ffddfab70>: Failed to establish a new connection: [Errno 111] Connection refused'))
ERROR 2025-10-04 18:50:20,762 serializers 7643 137507700781184 No product data available for product 1, using minimal fallback
WARNING 2025-10-04 18:50:27,273 serializers 7643 137507700781184 Connection error for product 1: HTTPConnectionPool(host='localhost', port=8001): Max retries exceeded with url: /products/1/ (Caused by NewConnectionError('<urllib3.connection.HTTPConnection object at 0x7d0ffdc2cbc0>: Failed to establish a new connection: [Errno 111] Connection refused'))
WARNING 2025-10-04 18:50:27,275 serializers 7643 137507700781184 Connection error for product 1: HTTPConnectionPool(host='localhost', port=8001): Max retries exceeded with url: /products/1/ (Caused by NewConnectionError('<urllib3.connection.HTTPConnection object at 0x7d0ffdc2d490>: Failed to establish a new connection: [Errno 111] Connection refused'))
WARNING 2025-10-04 18:50:27,276 serializers 7643 137507700781184 Connection error for product 1: HTTPConnectionPool(host='localhost', port=8001): Max retries exceeded with url: /products/1/ (Caused by NewConnectionError('<urllib3.connection.HTTPConnection object at 0x7d0ffdc2ddc0>: Failed to establish a new connection: [Errno 111] Connection refused'))
ERROR 2025-10-04 18:50:27,277 serializers 7643 137507700781184 No product data available for product 1, using minimal fallback
WARNING 2025-10-06 11:44:05,635 serializers 8259 136661966602368 Connection error for product 999: HTTPConnectionPool(host='localhost', port=8001): Max retries exceeded with url: /products/999/ (Caused by NewConnectionError('<urllib3.connection.HTTPConnection object at 0x7c4b1435f110>: Failed to establish a new connection: [Errno 111] Connection refused'))
WARNING 2025-10-06 11:44:05,664 serializers 8259 136661966602368 Connection error for product 999: HTTPConnectionPool(host='localhost', port=8001): Max retries exceeded with url: /products/999/ (Caused by NewConnectionError('<urllib3.connection.HTTPConnection object at 0x7c4b1435f8f0>: Failed to establish a new connection: [Errno 111] Connection refused'))
WARNING 2025-10-06 11:44:05,666 serializers 8259 136661966602368 Connection error for product 999: HTTPConnectionPool(host='localhost', port=8001): Max retries exceeded with url: /products/999/ (Caused by NewConnectionError('<urllib3.connection.HTTPConnection object at 0x7c4b143800e0>: Failed to establish a new connection: [Errno 111] Connection refused'))
ERROR 2025-10-06 11:44:05,666 serializers 8259 136661966602368 No product data available for product 999, using minimal fallback
WARNING 2025-10-06 11:44:07,395 serializers 8259 136661966602368 Connection error for product 1: HTTPConnectionPool(host='localhost', port=8001): Max retries exceeded with url: /products/1/ (Caused by NewConnectionError('<urllib3.connection.HTTPConnection object at 0x7c4b14380e60>: Failed to establish a new connection: [Errno 111] Connection refused'))
WARNING 2025-10-06 11:44:07,396 serializers 8259 136661966602368 Connection error for product 1: HTTPConnectionPool(host='localhost', port=8001): Max retries exceeded with url: /products/1/ (Caused by NewConnectionError('<urllib3.connection.HTTPConnection object at 0x7c4b14381580>: Failed to establish a new connection: [Errno 111] Connection refused'))
WARNING 2025-10-06 11:44:07,398 serializers 8259 136661966602368 Connection error for product 1: HTTPConnectionPool(host='localhost', port=8001): Max retries exceeded with url: /products/1/ (Caused by NewConnectionError('<urllib3.connection.HTTPConnection object at 0x7c4b14381d30>: Failed to establish a new connection: [Errno 111] Connection refused'))
ERROR 2025-10-06 11:44:07,398 serializers 8259 136661966602368 No product data available for product 1, using minimal fallback
WARNING 2025-10-06 11:44:09,027 serializers 8259 136661966602368 Connection error for product 1: HTTPConnectionPool(host='localhost', port=8001): Max retries exceeded with url: /products/1/ (Caused by NewConnectionError('<urllib3.connection.HTTPConnection object at 0x7c4b14382960>: Failed to establish a new connection: [Errno 111] Connection refused'))
WARNING 2025-10-06 11:44:09,029 serializers 8259 136661966602368 Connection error for product 1: HTTPConnectionPool(host='localhost', port=8001): Max retries exceeded with url: /products/1/ (Caused by NewConnectionError('<urllib3.connection.HTTPConnection object at 0x7c4b14383140>: Failed to establish a new connection: [Errno 111] Connection refused'))
WARNING 2025-10-06 11:44:09,030 serializers 8259 136661966602368 Connection error for product 1: HTTPConnectionPool(host='localhost', port=8001): Max retries exceeded with url: /products/1/ (Caused by NewConnectionError('<urllib3.connection.HTTPConnection object at 0x7c4b14383a10>: Failed to establish a new connection: [Errno 111] Connection refused'))
ERROR 2025-10-06 11:44:09,030 serializers 8259 136661966602368 No product data available for product 1, using minimal fallback
WARNING 2025-10-06 11:44:17,795 serializers 8259 136661966602368 Connection error for product 1: HTTPConnectionPool(host='localhost', port=8001): Max retries exceeded with url: /products/1/ (Caused by NewConnectionError('<urllib3.connection.HTTPConnection object at 0x7c4b1435e030>: Failed to establish a new connection: [Errno 111] Connection refused'))
WARNING 2025-10-06 11:44:17,797 serializers 8259 136661966602368 Connection error for product 1: HTTPConnectionPool(host='localhost', port=8001): Max retries exceeded with url: /products/1/ (Caused by NewConnectionError('<urllib3.connection.HTTPConnection object at 0x7c4b143826f0>: Failed to establish a new connection: [Errno 111] Connection refused'))
WARNING 2025-10-06 11:44:17,799 serializers 8259 136661966602368 Connection error for product 1: HTTPConnectionPool(host='localhost', port=8001): Max retries exceeded with url: /products/1/ (Caused by NewConnectionError('<urllib3.connection.HTTPConnection object at 0x7c4b14383020>: Failed to establish a new connection: [Errno 111] Connection refused'))
ERROR 2025-10-06 11:44:17,800 serializers 8259 136661966602368 No product data available for product 1, using minimal fallback
WARNING 2025-10-06 11:44:28,102 serializers 8259 136661966602368 Connection error for product 1: HTTPConnectionPool(host='localhost', port=8001): Max retries exceeded with url: /products/1/ (Caused by NewConnectionError('<urllib3.connection.HTTPConnection object at 0x7c4b141aae40>: Failed to establish a new connection: [Errno 111] Connection refused'))
WARNING 2025-10-06 11:44:28,104 serializers 8259 136661966602368 Connection error for product 1: HTTPConnectionPool(host='localhost', port=8001): Max retries exceeded with url: /products/1/ (Caused by NewConnectionError('<urllib3.connection.HTTPConnection object at 0x7c4b1435fe60>: Failed to establish a new connection: [Errno 111] Connection refused'))
WARNING 2025-10-06 11:44:28,105 serializers 8259 136661966602368 Connection error for product 1: HTTPConnectionPool(host='localhost', port=8001): Max retries exceeded with url: /products/1/ (Caused by NewConnectionError('<urllib3.connection.HTTPConnection object at 0x7c4b141a93a0>: Failed to establish a new connection: [Errno 111] Connection refused'))
ERROR 2025-10-06 11:44:28,106 serializers 8259 136661966602368 No product data available for product 1, using minimal fallback
WARNING 2025-10-06 11:54:49,938 serializers 8729 125211939698368 Connection error for product 1: HTTPConnectionPool(host='localhost', port=8001): Max retries exceeded with url: /products/1/ (Caused by NewConnectionError('<urllib3.connection.HTTPConnection object at 0x71e12d3bd6a0>: Failed to establish a new connection: [Errno 111] Connection refused'))
WARNING 2025-10-06 11:54:49,941 serializers 8729 125211939698368 Connection error for product 1: HTTPConnectionPool(host='localhost', port=8001): Max retries exceeded with url: /products/1/ (Caused by NewConnectionError('<urllib3.connection.HTTPConnection object at 0x71e12d3bddc0>: Failed to establish a new connection: [Errno 111] Connection refused'))
WARNING 2025-10-06 11:54:49,942 serializers 8729 125211939698368 Connection error for product 1: HTTPConnectionPool(host='localhost', port=8001): Max retries exceeded with url: /products/1/ (Caused by NewConnectionError('<urllib3.connection.HTTPConnection object at 0x71e12d3be4e0>: Failed to establish a new connection: [Errno 111] Connection refused'))
ERROR 2025-10-06 11:54:49,942 serializers 8729 125211939698368 No product data available for product 1, using minimal fallback
WARNING 2025-10-06 11:54:49,944 serializers 8729 125211939698368 Connection error for product 2: HTTPConnectionPool(host='localhost', port=8001): Max retries exceeded with url: /products/2/ (Caused by NewConnectionError('<urllib3.connection.HTTPConnection object at 0x71e12d3bec60>: Failed to establish a new connection: [Errno 111] Connection refused'))
WARNING 2025-10-06 11:54:49,946 serializers 8729 125211939698368 Connection error for product 2: HTTPConnectionPool(host='localhost', port=8001): Max retries exceeded with url: /products/2/ (Caused by NewConnectionError('<urllib3.connection.HTTPConnection object at 0x71e12d3be750>: Failed to establish a new connection: [Errno 111] Connection refused'))
WARNING 2025-10-06 11:54:49,947 serializers 8729 125211939698368 Connection error for product 2: HTTPConnectionPool(host='localhost', port=8001): Max retries exceeded with url: /products/2/ (Caused by NewConnectionError('<urllib3.connection.HTTPConnection object at 0x71e12d3be1e0>: Failed to establish a new connection: [Errno 111] Connection refused'))
ERROR 2025-10-06 11:54:49,947 serializers 8729 125211939698368 No product data available for product 2, using minimal fallback
INFO 2025-10-06 11:57:06,867 serializers 8729 125211939698368 Product 1 fetched successfully from service
INFO 2025-10-06 11:59:55,549 serializers 8729 125211939698368 Product 2 fetched successfully from service
WARNING 2025-10-06 12:03:55,573 serializers 9169 130841334249152 Product 55 not found (404)
ERROR 2025-10-06 12:03:55,573 serializers 9169 130841334249152 No product data available for product 55, using minimal fallback
WARNING 2025-10-06 12:36:25,749 serializers 10327 123579224473728 Product 999 not found (404)
ERROR 2025-10-06 12:36:25,755 serializers 10327 123579224473728 No product data available for product 999, using minimal fallback
INFO 2025-10-06 12:36:27,413 serializers 10327 123579224473728 Product 1 fetched successfully from service
WARNING 2025-10-06 12:41:41,175 serializers 10438 124486026850432 Product 999 not found (404)
ERROR 2025-10-06 12:41:41,175 serializers 10438 124486026850432 No product data available for product 999, using minimal fallback
INFO 2025-10-06 12:41:42,823 serializers 10438 124486026850432 Product 1 fetched successfully from service
WARNING 2025-10-06 12:42:49,377 serializers 10461 139258679828608 Product 999 not found (404)
ERROR 2025-10-06 12:42:49,377 serializers 10461 139258679828608 No product data available for product 999, using minimal fallback
INFO 2025-10-06 12:42:51,035 serializers 10461 139258679828608 Product 1 fetched successfully from service
WARNING 2025-10-06 12:43:57,547 serializers 10477 133160452796544 Product 999 not found (404)
ERROR 2025-10-06 12:43:57,547 serializers 10477 133160452796544 No product data available for product 999, using minimal fallback
INFO 2025-10-06 12:43:59,199 serializers 10477 133160452796544 Product 1 fetched successfully from service
WARNING 2025-10-06 12:46:07,325 serializers 10536 135412468408448 Product 999 not found (404)
ERROR 2025-10-06 12:46:07,325 serializers 10536 135412468408448 No product data available for product 999, using minimal fallback
INFO 2025-10-06 12:46:09,036 serializers 10536 135412468408448 Product 1 fetched successfully from service
INFO 2025-10-06 12:46:36,487 serializers 10475 137880830736064 Product 1 fetched successfully from service
INFO 2025-10-06 12:46:36,493 serializers 10475 137880830736064 Product 2 fetched successfully from service
INFO 2025-10-06 12:46:58,742 serializers 10475 137880830736064 Product 4 fetched successfully from service
WARNING 2025-10-06 12:49:45,887 serializers 10623 138312864063616 Product 999 not found (404)
ERROR 2025-10-06 12:49:45,887 serializers 10623 138312864063616 No product data available for product 999, using minimal fallback
INFO 2025-10-06 12:49:47,540 serializers 10623 138312864063616 Product 1 fetched successfully from service
WARNING 2025-10-06 12:51:05,304 serializers 10655 138966835200128 Product 999 not found (404)
ERROR 2025-10-06 12:51:05,304 serializers 10655 138966835200128 No product data available for product 999, using minimal fallback
INFO 2025-10-06 12:51:06,945 serializers 10655 138966835200128 Product 1 fetched successfully from service
WARNING 2025-10-07 12:10:41,601 serializers 10740 123576100393088 Product 999 not found (404)
ERROR 2025-10-07 12:10:41,659 serializers 10740 123576100393088 No product data available for product 999, using minimal fallback
INFO 2025-10-07 12:10:44,725 serializers 10740 123576100393088 Product 1 fetched successfully from service
WARNING 2025-10-08 11:31:48,476 serializers 12210 127230034493568 Product 999 not found (404)
ERROR 2025-10-08 11:31:48,500 serializers 12210 127230034493568 No product data available for product 999, using minimal fallback
INFO 2025-10-08 11:31:50,363 serializers 12210 127230034493568 Product 1 fetched successfully from service
INFO 2025-10-09 11:44:50,374 serializers 10662 132204676773568 Product 1 fetched successfully from service
WARNING 2025-10-09 11:44:58,434 serializers 10662 132204676773568 Product 55 not found (404)
ERROR 2025-10-09 11:44:58,434 serializers 10662 132204676773568 No product data available for product 55, using minimal fallback
INFO 2025-10-09 11:45:07,996 serializers 10662 132204676773568 Product 2 fetched successfully from service
WARNING 2025-10-09 11:45:50,368 serializers 10662 132204676773568 Product -5 not found (404)
ERROR 2025-10-09 11:45:50,368 serializers 10662 132204676773568 No product data available for product -5, using minimal fallback
INFO 2025-10-09 11:46:17,441 serializers 10662 132204676773568 Product 3 fetched successfully from service
INFO 2025-10-09 11:49:58,803 serializers 10662 132204676773568 Product 1 fetched successfully from service
INFO 2025-10-09 11:51:05,598 serializers 10662 132204676773568 Product 2 fetched successfully from service
WARNING 2025-10-11 12:32:53,553 serializers 15698 131713322444480 Connection error for product 1: HTTPConnectionPool(host='localhost', port=8001): Max retries exceeded with url: /products/1/ (Caused by NewConnectionError('<urllib3.connection.HTTPConnection object at 0x77cae5d6f710>: Failed to establish a new connection: [Errno 111] Connection refused'))
WARNING 2025-10-11 12:32:53,580 serializers 15698 131713322444480 Connection error for product 1: HTTPConnectionPool(host='localhost', port=8001): Max retries exceeded with url: /products/1/ (Caused by NewConnectionError('<urllib3.connection.HTTPConnection object at 0x77cae5d6fbc0>: Failed to establish a new connection: [Errno 111] Connection refused'))
WARNING 2025-10-11 12:32:53,583 serializers 15698 131713322444480 Connection error for product 1: HTTPConnectionPool(host='localhost', port=8001): Max retries exceeded with url: /products/1/ (Caused by NewConnectionError('<urllib3.connection.HTTPConnection object at 0x77cae5d6f0b0>: Failed to establish a new connection: [Errno 111] Connection refused'))
ERROR 2025-10-11 12:32:53,584 serializers 15698 131713322444480 No product data available for product 1, using minimal fallback
INFO 2025-10-11 12:33:29,883 serializers 15698 131713322444480 Product 4 fetched successfully from service
INFO 2025-10-11 12:35:18,783 serializers 15698 131713322444480 Product 1 fetched successfully from service
INFO 2025-10-11 13:15:57,407 serializers 15698 131713305659072 Product 4 fetched successfully from service
INFO 2026-05-26 09:07:23,587 serializers 176533 131274979145408 Product 1 fetched successfully from service
INFO 2026-05-26 09:22:16,635 serializers 191647 138082875602624 Product 1 fetched successfully from service
WARNING 2026-05-26 10:37:03,769 serializers 213157 135069729552064 Connection error for product 1: HTTPConnectionPool(host='localhost', port=8001): Max retries exceeded with url: /products/1/ (Caused by NewConnectionError('<urllib3.connection.HTTPConnection object at 0x7ad864336720>: Failed to establish a new connection: [Errno 111] Connection refused'))
WARNING 2026-05-26 10:37:03,791 serializers 213157 135069729552064 Connection error for product 1: HTTPConnectionPool(host='localhost', port=8001): Max retries exceeded with url: /products/1/ (Caused by NewConnectionError('<urllib3.connection.HTTPConnection object at 0x7ad864336bd0>: Failed to establish a new connection: [Errno 111] Connection refused'))
WARNING 2026-05-26 10:37:03,800 serializers 213157 135069729552064 Connection error for product 1: HTTPConnectionPool(host='localhost', port=8001): Max retries exceeded with url: /products/1/ (Caused by NewConnectionError('<urllib3.connection.HTTPConnection object at 0x7ad8651fb2f0>: Failed to establish a new connection: [Errno 111] Connection refused'))
ERROR 2026-05-26 10:37:03,800 serializers 213157 135069729552064 No product data available for product 1, using minimal fallback
INFO 2026-05-26 10:37:53,364 serializers 213157 135069729552064 Product 1 fetched successfully from service
WARNING 2026-05-27 09:27:44,728 serializers 56518 126874386691776 Connection error for product 1: HTTPConnectionPool(host='localhost', port=8001): Max retries exceeded with url: /products/1/ (Caused by NewConnectionError('<urllib3.connection.HTTPConnection object at 0x7364440867b0>: Failed to establish a new connection: [Errno 111] Connection refused'))
WARNING 2026-05-27 09:27:44,751 serializers 56518 126874386691776 Connection error for product 1: HTTPConnectionPool(host='localhost', port=8001): Max retries exceeded with url: /products/1/ (Caused by NewConnectionError('<urllib3.connection.HTTPConnection object at 0x7364440a14c0>: Failed to establish a new connection: [Errno 111] Connection refused'))
WARNING 2026-05-27 09:27:44,756 serializers 56518 126874386691776 Connection error for product 1: HTTPConnectionPool(host='localhost', port=8001): Max retries exceeded with url: /products/1/ (Caused by NewConnectionError('<urllib3.connection.HTTPConnection object at 0x7364440a1be0>: Failed to establish a new connection: [Errno 111] Connection refused'))
ERROR 2026-05-27 09:27:44,757 serializers 56518 126874386691776 No product data available for product 1, using minimal fallback
INFO 2026-05-27 09:28:05,094 serializers 56518 126874386691776 Product 1 fetched successfully from service
INFO 2026-05-27 09:29:52,246 serializers 56872 136260130698944 Product 1 fetched successfully from service
INFO 2026-05-27 10:47:15,157 serializers 67148 135728626398912 Product 1 fetched successfully from service
INFO 2026-05-28 12:20:09,028 serializers 45476 132149164373696 Product 1 fetched successfully from service
INFO 2026-05-28 12:38:24,451 serializers 45476 132149164373696 Product 1 fetched successfully from service
INFO 2026-05-28 12:45:47,125 serializers 45476 132149164373696 Product 1 fetched successfully from service
